,※入力規則,"キャスト名の姓名の間には半角スペースを入れてください

※キャスト名の欄がピンク色にハイライトされた場合、どこかの行とキャスト名が重複しているため、新たにIDを割り当てずに既存のIDを利用してください","命名ルール：cast_image_{id}.png
※ sFTPでのS3へのアップロード

セルには{フォルダ}/{フォルダ}/{フォルダ}/{ファイル名}のように記載
※コンテンツ素材の前は、public/としてください",芸人さんはコンビ名、アイドルはグループ名を入力用_所属グループマスタのIDで指定。,,ID指定（声優、俳優、監督、スタッフなどをマスタ管理）
,id,キャスト名,キャスト画像,所属グループ,ジャンル,役割
,id,name,image,group,,
,1,江口 拓也,,,anime,声優
,2,種﨑 敦美,,,anime,声優
,3,早見 沙織,,,anime,声優
,4,松田 健一郎,,,anime,声優
,5,吉野 裕行,,,anime,声優
,6,甲斐田 裕子,,,anime,声優
,7,山路 和弘,,,anime,声優
,8,小野 賢章,,,anime,声優
,9,藤原 夏海,,,anime,声優
,10,加藤 英美里,,,anime,声優
,11,佐倉 綾音,,,anime,声優
,12,坂 泰斗,,,anime,声優
,13,中村 源太,,,anime,声優
,14,三川 華月,,,anime,声優
,15,上田 麗奈,,,anime,声優
,16,平川 大輔,,,anime,声優
,17,東地 宏樹,,,anime,声優
,18,銀河 万丈,,,anime,声優
,19,古川 慎,,,anime,声優
,20,花輪 英司,,,anime,声優
,21,本泉 莉奈,,,anime,声優
,22,山本 満太,,,anime,声優
,23,内山 昂輝,,,anime,声優
,24,間宮 康弘,,,anime,声優
,25,花江 夏樹,,,anime,声優
,26,鬼頭 明里,,,anime,声優
,27,津田 健次郎,,,anime,声優
,28,辻 親八,,,anime,声優
,29,八代 拓,,,anime,声優
,30,大塚 明夫,,,anime,声優
,31,Lynn,,,anime,声優
,32,田中 美海,,,anime,声優
,33,井上 和彦,,,anime,声優
,34,佐藤 正治,,,anime,声優
,35,沢城 みゆき,,,anime,声優
,36,斉藤 壮馬,,,anime,声優
,37,加隈 亜衣,,,anime,声優
,38,千葉 翔也,,,anime,声優
,39,日高 里菜,,,anime,声優
,40,久保 ユリカ,,,anime,声優
,41,竹達 彩奈,,,anime,声優
,42,逢坂 良太,,,anime,声優
,43,岩澤 俊樹,,,anime,声優
,44,東山 奈央,,,anime,声優
,45,阿座上 洋平,,,anime,声優
,46,水中 雅章,,,anime,声優
,47,高橋 李依,,,anime,声優
,48,梅原 裕一郎,,,anime,声優
,49,ファイルーズ あい,,,anime,声優
,50,内田 雄馬,,,anime,声優
,51,和氣 あず未,,,anime,声優
,52,石谷 春貴,,,anime,声優
,53,天﨑 滉平,,,anime,声優
,54,坂田 将吾,,,anime,声優
,55,七瀬 彩夏,,,anime,声優
,56,高梨 謙吾,,,anime,声優
,57,田中 敦子,,,anime,声優
,58,会沢 紗弥,,,anime,声優
,59,渡辺 明乃,,,anime,声優
,60,悠木 碧,,,anime,声優
,61,青山 吉能,,,anime,声優
,62,小松 昌平,,,anime,声優
,63,上田 瞳,,,anime,声優
,64,羽多野 渉,,,anime,声優
,65,富田 美憂,,,anime,声優
,66,金田 朋子,,,anime,声優
,67,堀江 由衣,,,anime,声優
,68,佐藤 利奈,,,anime,声優
,69,下野 紘,,,anime,声優
,70,村上 喜紀,,,anime,声優
,71,石井 マーク,,,anime,声優
,72,野上 翔,,,anime,声優
,73,関根 明良,,,anime,声優
,74,菊池 紗矢香,,,anime,声優
,75,安野 希世乃,,,anime,声優
,76,鈴木 杏奈,,,anime,声優
,77,鈴木 崚汰,,,anime,声優
,78,高尾 奏音,,,anime,声優
,79,大空 直美,,,anime,声優
,80,釘宮 理恵,,,anime,声優
,81,雨宮 天,,,anime,声優
,82,花守 ゆみり,,,anime,声優
,83,三上 哲,,,anime,声優
,84,内田 彩,,,anime,声優
,85,岩澤 俊,,,anime,声優
,86,渕崎 ゆり子,,,anime,声優
,87,鳩岡 大輔,,,anime,声優
,88,長谷川 育美,,,anime,声優
,89,島﨑 信長,,,anime,声優
,90,伊瀬 茉莉也,,,anime,声優
,91,土岐 隼一,,,anime,声優
,92,立花 慎之介,,,anime,声優
,93,小野 大輔,,,anime,声優
,94,福原 かつみ,,,anime,声優
,95,和泉 風花,,,anime,声優
,96,古賀 葵,,,anime,声優
,97,杉浦 しおり,,,anime,声優
,98,前田 佳織里,,,anime,声優
,99,風間 万裕子,,,anime,声優
,100,池田 海咲,,,anime,声優
,101,相坂 優歌,,,anime,声優
,102,津田 美波,,,anime,声優
,103,日笠 陽子,,,anime,声優
,104,井上 喜久子,,,anime,声優
,105,福圓 美里,,,anime,声優
,106,阿澄 佳奈,,,anime,声優
,107,笠間 淳,,,anime,声優
,108,本渡 楓,,,anime,声優
,109,市ノ瀬 加那,,,anime,声優
,110,小倉 唯,,,anime,声優
,111,大橋 彩香,,,anime,声優
,112,優木 かな,,,anime,声優
,113,岡本 信彦,,,anime,声優
,114,久野 美咲,,,anime,声優
,115,森川 智之,,,anime,声優
,116,小松 未可子,,,anime,声優
,117,鈴代 紗弓,,,anime,声優
,118,大原 さやか,,,anime,声優
,119,藤井 隼,,,anime,声優
,120,千本木 彩花,,,anime,声優
,121,山根 綺,,,anime,声優
,122,稲田 徹,,,anime,声優
,123,首藤 志奈,,,anime,声優
,124,熊谷 健太郎,,,anime,声優
,125,泊 明日菜,,,anime,声優
,126,中 博史,,,anime,声優
,127,三木 晶,,,anime,声優
,128,川田 紳司,,,anime,声優
,129,加藤 渉,,,anime,声優
,130,奈良 徹,,,anime,声優
,131,広瀬 裕也,,,anime,声優
,132,河村 螢,,,anime,声優
,133,志田 有彩,,,anime,声優
,134,古谷 佳乃,,,anime,声優
,135,小林 ゆう,,,anime,声優
,136,宮本 侑芽,,,anime,声優
,137,日野 まり,,,anime,声優
,138,立花 日菜,,,anime,声優
,139,内田 真礼,,,anime,声優
,140,稗田 寧々,,,anime,声優
,141,楠木 ともり,,,anime,声優
,142,石川 由依,,,anime,声優
,143,日野 聡,,,anime,声優
,144,細谷 佳正,,,anime,声優
,145,志藤 春道,,,anime,声優
,146,蒼乃 むすび,,,anime,声優
,147,三咲 里奈,,,anime,声優
,148,和央 きりか,,,anime,声優
,149,澁谷 果歩,,,anime,声優
,150,皇 帝,,,anime,声優
,151,高田 憂希,,,anime,声優
,152,木村 良平,,,anime,声優
,153,黒沢 ともよ,,,anime,声優
,154,七海 ひろき,,,anime,声優
,155,乃村 健次,,,anime,声優
,156,宮城 一貴,,,anime,声優
,157,高垣 彩陽,,,anime,声優
,158,鈴木 愛奈,,,anime,声優
,159,潘 めぐみ,,,anime,声優
,160,ゆかな,,,anime,声優
,161,豊崎 愛生,,,anime,声優
,162,田村 睦心,,,anime,声優
,163,麦穂 あんな,,,anime,声優
,164,平野 文,,,anime,声優
,165,三宅 健太,,,anime,声優
,166,鳥海 浩輔,,,anime,声優
,167,てらそま まさき,,,anime,声優
,168,杉田 智和,,,anime,声優
,169,安元 洋貴,,,anime,声優
,170,井上 麻里奈,,,anime,声優
,171,森田 成一,,,anime,声優
,172,福山 潤,,,anime,声優
,173,赤城 進,,,anime,声優
,174,伊藤 健太郎,,,anime,声優
,175,永峰 遙,,,anime,声優
,176,佐久間 元輝,,,anime,声優
,177,小西 克幸,,,anime,声優
,178,蓮 岳大,,,anime,声優
,179,石井 康嗣,,,anime,声優
,180,大河 元気,,,anime,声優
,181,星野 佑典,,,anime,声優
,182,こばたけ まさふみ,,,anime,声優
,183,永瀬 アンナ,,,anime,声優
,184,佐々木 望,,,anime,声優
,185,斉藤 次郎,,,anime,声優
,186,野津山 幸宏,,,anime,声優
,187,山口 勝平,,,anime,声優
,188,竹内 良太,,,anime,声優
,189,葉山 翔太,,,anime,声優
,190,鈴木 千尋,,,anime,声優
,191,太田 哲治,,,anime,声優
,192,神谷 浩史,,,anime,声優
,193,子安 武人,,,anime,声優
,194,小林 千晃,,,anime,声優
,195,川澄 綾子,,,anime,声優
,196,山下 大輝,,,anime,声優
,197,諏訪部 順一,,,anime,声優
,198,増田 俊樹,,,anime,声優
,199,森 なな子,,,anime,声優
,200,橘 龍丸,,,anime,声優
,201,松岡 禎丞,,,anime,声優
,202,長江 里加,,,anime,声優
,203,喜多村 英梨,,,anime,声優
,204,永井 真里子,,,anime,声優
,205,上坂 すみれ,,,anime,声優
,206,宮野 真守,,,anime,声優
,207,高木 渉,,,anime,声優
,208,花澤 香菜,,,anime,声優
,209,石上 静香,,,anime,声優
,210,水樹 奈々,,,anime,声優
,211,櫻井 孝宏,,,anime,声優
,212,古川 登志夫,,,anime,声優
,213,堀江 瞬,,,anime,声優
,214,小清水 亜美,,,anime,声優
,215,宮園 拓夢,,,anime,声優
,216,観世 智顕,,,anime,声優
,217,田中 正彦,,,anime,声優
,218,遠藤 さき,,,anime,声優
,219,真堂 圭,,,anime,声優
,220,美波 わかな,,,anime,声優
,221,斉藤 貴美子,,,anime,声優
,222,落合 福嗣,,,anime,声優
,223,岩崎 諒太,,,anime,声優
,224,福島 潤,,,anime,声優
,225,濱野 大輝,,,anime,声優
,226,高橋 良輔,,,anime,声優
,227,梅田 修一朗,,,anime,声優
,228,古谷 徹,,,anime,声優
,229,武虎,,,anime,声優
,230,三木 眞一郎,,,anime,声優
,231,前野 智昭,,,anime,声優
,232,大森 日雅,,,anime,声優
,233,久保田 未夢,,,anime,声優
,234,小見川 千明,,,anime,声優
,235,小坂井 祐莉絵,,,anime,声優
,236,佐々木 李子,,,anime,声優
,237,飯田 里穂,,,anime,声優
,238,原 奈津子,,,anime,声優
,239,荒浪 和沙,,,anime,声優
,240,寺田 御子,,,anime,声優
,241,山田 麻莉奈,,,anime,声優
,242,山下 七海,,,anime,声優
,243,朝ノ 瑠璃,,,anime,声優
,244,長谷川 玲奈,,,anime,声優
,245,村瀬 歩,,,anime,声優
,246,河西 健吾,,,anime,声優
,247,小林 親弘,,,anime,声優
,248,益山 武明,,,anime,声優
,249,水島 大宙,,,anime,声優
,250,村田 太志,,,anime,声優
,251,関 智一,,,anime,声優
,252,興津 和幸,,,anime,声優
,253,土師 孝也,,,anime,声優
,254,羊宮 妃那,,,anime,声優
,255,朝井 彩加,,,anime,声優
,256,佐藤 元,,,anime,声優
,257,田村 ゆかり,,,anime,声優
,258,井口 裕香,,,anime,声優
,259,石井 孝英,,,anime,声優
,260,山本 和臣,,,anime,声優
,261,白井 悠介,,,anime,声優
,262,古屋 亜南,,,anime,声優
,263,井上 雄貴,,,anime,声優
,264,斎藤 千和,,,anime,声優
,265,西村 知道,,,anime,声優
,266,水瀬 いのり,,,anime,声優
,267,置鮎 龍太郎,,,anime,声優
,268,浪川 大輔,,,anime,声優
,269,岩田 光央,,,anime,声優
,270,玄田 哲章,,,anime,声優
,271,野沢 雅子,,,anime,声優
,272,田中 真弓,,,anime,声優
,273,白石 晴香,,,anime,声優
,274,伊藤 静,,,anime,声優
,275,井上 ほの花,,,anime,声優
,276,茅野 愛衣,,,anime,声優
,277,中原 麻衣,,,anime,声優
,278,大塚 芳忠,,,anime,声優
,279,大地 葉,,,anime,声優
,280,芝崎 典子,,,anime,声優
,281,皆川 純子,,,anime,声優
,282,⽊内 秀信,,,anime,声優
,283,髙坂 篤志,,,anime,声優
,284,寺島 拓篤,,,anime,声優
,285,郷田 ほづみ,,,anime,声優
,286,長縄 まりあ,,,anime,声優
,287,西 凜太朗,,,anime,声優
,288,松田 颯水,,,anime,声優
,289,石田 彰,,,anime,声優
,290,中村 悠一,,,anime,声優
,291,宝亀 克寿,,,anime,声優
,292,飛田 展男,,,anime,声優
,293,佐藤 みゆ希,,,anime,声優
,294,園崎 未恵,,,anime,声優
,295,粕谷 大介,,,anime,声優
,296,青木 瑠璃子,,,anime,声優
,297,松山 鷹志,,,anime,声優
,298,咲野 俊介,,,anime,声優
,299,周防 パトラ,,,anime,声優
,300,梅村 美緒奈,,,anime,声優
,301,三浦 陽子,,,anime,声優
,302,定岡 小百合,,,anime,声優
,303,奥村 雪男,,,anime,声優
,304,中井 和哉,,,anime,声優
,305,遊佐 浩二,,,anime,声優
,306,えつむ,,,anime,声優
,307,小豆 戒斗,,,anime,声優
,308,梶 裕貴,,,anime,声優
,309,那々海 ゆあ,,,anime,声優
,310,桜瀬 尋,,,anime,声優
,311,岡松 仗,,,anime,声優
,312,芋,,,anime,声優
,313,鈴郷（さとー）,,,anime,声優
,314,檜山 修之,,,anime,声優
,315,平田 広明,,,anime,声優
,316,金元 寿子,,,anime,声優
,317,前川 涼子,,,anime,声優
,318,水野 駿太郎,,,anime,声優
,319,石毛 翔弥,,,anime,声優
,320,坂本 真綾,,,anime,声優
,321,山口 愛,,,anime,声優
,322,國立 幸,,,anime,声優
,323,小市 眞琴,,,anime,声優
,324,名塚 佳織,,,anime,声優
,325,綿貫 竜之介,,,anime,声優
,326,嶋村 侑,,,anime,声優
,327,石見 舞菜香,,,anime,声優
,328,諸星 すみれ,,,anime,声優
,329,宮崎 遊,,,anime,声優
,330,大塚 剛央,,,anime,声優
,331,畠中 祐,,,anime,声優
,332,津田 寛治,,,anime,声優
,333,篠田 諒,,,anime,声優
,334,清水 優,,,anime,声優
,335,ぽんず,,,anime,声優
,336,本田 寿々丸,,,anime,声優
,337,吉田 晴雄,,,anime,声優
,338,長月 明日香,,,anime,声優
,339,小泉 よう,,,anime,声優
,340,蔀 祐佳,,,anime,声優
,341,土屋 咲登子,,,anime,声優
,342,青木 砂織,,,anime,声優
,343,竹内 順子,,,anime,声優
,344,野中 藍,,,anime,声優
,345,川原 慶久,,,anime,声優
,346,宮田 俊哉,,,anime,声優
,347,幸村 恵理,,,anime,声優
,348,西尾 夕香,,,anime,声優
,349,川島 零士,,,anime,声優
,350,岩田 陽葵,,,anime,声優
,351,真野 拓実,,,anime,声優
,352,森嶋 秀太,,,anime,声優
,353,進藤 あまね,,,anime,声優
,354,井澤 詩織,,,anime,声優
,355,上田 燿司,,,anime,声優
,356,谷山 紀章,,,anime,声優
,357,木野 日菜,,,anime,声優
,358,家中 宏,,,anime,声優
,359,赤羽根 健治,,,anime,声優
,360,かぬか 光明,,,anime,声優
,361,菅 正太郎,,,anime,声優
,362,常盤 昌平,,,anime,声優
,363,三宅 麻理恵,,,anime,声優
,364,恋糸 りあ,,,anime,声優
,365,倉持 京子,,,anime,声優
,366,宮咲 あかり,,,anime,声優
,367,宮世 真理子,,,anime,声優
,368,浅沼 晋太郎,,,anime,声優
,369,石橋 陽彩,,,anime,声優
,370,山村 響,,,anime,声優
,371,島袋 美由利,,,anime,声優
,372,千葉 繁,,,anime,声優
,373,木村 昴,,,anime,声優
,374,吉田 早希,,,anime,声優
,375,三上 枝織,,,anime,声優
,376,朴 璐美,,,anime,声優
,377,沼倉 愛美,,,anime,声優
,378,山下 誠一郎,,,anime,声優
,379,小山 剛志,,,anime,声優
,380,瀬戸 麻沙美,,,anime,声優
,381,三森 すずこ,,,anime,声優
,382,近藤 玲奈,,,anime,声優
,383,藤井 ゆきよ,,,anime,声優
,384,志村 知幸,,,anime,声優
,385,中田 譲治,,,anime,声優
,386,峯田 大夢,,,anime,声優
,387,石川 界人,,,anime,声優
,388,高橋 信,,,anime,声優
,389,山谷 祥生,,,anime,声優
,390,ブリドカットセーラ 恵美,,,anime,声優
,391,仲野 裕,,,anime,声優
,392,小原 好美,,,anime,声優
,393,小林 裕介,,,anime,声優
,394,高橋 花林,,,anime,声優
,395,麦人,,,anime,声優
,396,中島 ヨシキ,,,anime,声優
,397,水野 朔,,,anime,声優
,398,榊原 優希,,,anime,声優
,399,大久保 瑠美,,,anime,声優
,400,岡咲 美保,,,anime,声優
,401,豊口 めぐみ,,,anime,声優
,402,日岡 なつみ,,,anime,声優
,403,松風 雅也,,,anime,声優
,404,田丸 篤志,,,anime,声優
,405,加藤 将之,,,anime,声優
,406,小松 史法,,,anime,声優
,407,M・A・O,,,anime,声優
,408,山本 兼平,,,anime,声優
,409,田中 理恵,,,anime,声優
,410,斎藤 楓子,,,anime,声優
,411,大西 沙織,,,anime,声優
,412,福原 綾香,,,anime,声優
,413,阪口 大助,,,anime,声優
,414,KUN,,,anime,声優
,415,遠野 ひかる,,,anime,声優
,416,白石 涼子,,,anime,声優
,417,川井田 夏海,,,anime,声優
,418,小野 友樹,,,anime,声優
,419,能登 麻美子,,,anime,声優
,420,伊東 健人,,,anime,声優
,421,高橋 伸也,,,anime,声優
,422,東城 日沙子,,,anime,声優
,423,松岡 美里,,,anime,声優
,424,関根 瞳,,,anime,声優
,425,宮内 敦士,,,anime,声優
,426,武内 駿輔,,,anime,声優
,427,芹澤 優,,,anime,声優
,428,奈波 果林,,,anime,声優
,429,愛美,,,anime,声優
,430,KENN,,,anime,声優
,431,松本 沙羅,,,anime,声優
,432,栗坂 南美,,,anime,声優
,433,四宮 豪,,,anime,声優
,434,鈴木 絵理,,,anime,声優
,435,河瀬 茉希,,,anime,声優
,436,高橋 広樹,,,anime,声優
,437,小山 力也,,,anime,声優
,438,榎木 淳弥,,,anime,声優
,439,佳原 萌枝,,,anime,声優
,440,矢野 妃菜喜,,,anime,声優
,441,夏吉 ゆうこ,,,anime,声優
,442,MAKIKO,,,anime,声優
,443,秋奈,,,anime,声優
,444,Machico,,,anime,声優
,445,高野 麻里佳,,,anime,声優
,446,木村 千咲,,,anime,声優
,447,花井 美春,,,anime,声優
,448,高橋 未奈美,,,anime,声優
,449,前田 玲奈,,,anime,声優
,450,沖野 晃司,,,anime,声優
,451,堀内 賢雄,,,anime,声優
,452,斎藤 志郎,,,anime,声優
,453,浜田 賢二,,,anime,声優
,454,西山 宏太朗,,,anime,声優
,455,川島 得愛,,,anime,声優
,456,三石 琴乃,,,anime,声優
,457,田邊 幸輔,,,anime,声優
,458,櫻井 トオル,,,anime,声優
,459,浦 和希,,,anime,声優
,460,戸谷 菊之介,,,anime,声優
,461,秋元 羊介,,,anime,声優
,462,阿部 敦,,,anime,声優
,463,麻倉 もも,,,anime,声優
,464,新垣 樽助,,,anime,声優
,465,戸松 遥,,,anime,声優
,466,安済 知佳,,,anime,声優
,467,チョー,,,anime,声優
,468,内田 修一,,,anime,声優
,469,徳井 青空,,,anime,声優
,470,相馬 康一,,,anime,声優
,471,近藤 孝行,,,anime,声優
,472,下地 紫野,,,anime,声優
,473,櫻井 みゆき,,,anime,声優
,474,寺澤 百花,,,anime,声優
,475,唯野 あかり,,,anime,声優
,476,立木 文彦,,,anime,声優
,477,國府 咲月,,,anime,声優
,478,三瓶 由布子,,,anime,声優
,479,永野 愛,,,anime,声優
,480,前田 愛,,,anime,声優
,481,樹元 オリエ,,,anime,声優
,482,榎本 温子,,,anime,声優
,483,岡村 明美,,,anime,声優
,484,草尾 毅,,,anime,声優
,485,入野 自由,,,anime,声優
,486,城 雅子,,,anime,声優
,487,仙台 エリ,,,anime,声優
,488,本名 陽子,,,anime,声優
,489,矢島 晶子,,,anime,声優
,490,池澤 春菜,,,anime,声優
,491,高橋 直純,,,anime,声優
,492,藤田 美歌子,,,anime,声優
,493,徳光 由禾,,,anime,声優
,494,岸尾 大輔,,,anime,声優
,495,松谷 彼哉,,,anime,声優
,496,木内 レイコ,,,anime,声優
,497,小村 将,,,anime,声優
,498,島田 愛野,,,anime,声優
,499,中村 カンナ,,,anime,声優
,500,髙木 裕平,,,anime,声優
,501,仲村 宗悟,,,anime,声優
,502,甲斐田 ゆき,,,anime,声優
,503,山寺 宏一,,,anime,声優
,504,田所 あずさ,,,anime,声優
,505,種田 梨沙,,,anime,声優
,506,広橋 涼,,,anime,声優
,507,小野塚 貴志,,,anime,声優
,508,佐藤 拓也,,,anime,声優
,509,佐々 健太,,,anime,声優
,510,梶原 岳人,,,anime,声優
,511,96猫,,,anime,声優
,512,林 勇,,,anime,声優
,513,寺島 惇太,,,anime,声優
,514,豊永 利行,,,anime,声優
,515,志麻,,,anime,声優
,516,矢野 奨吾,,,anime,声優
,517,日原 あゆみ,,,anime,声優
,518,川口 莉奈,,,anime,声優
,519,小玉 ひかり,,,anime,声優
,520,貫井 柚佳,,,anime,声優
,521,塙 有咲,,,anime,声優
,522,松岡 侑李,,,anime,声優
,523,蘭笛,,,anime,声優
,524,吉木 悠佳,,,anime,声優
,525,夏目 妃菜,,,anime,声優
,526,南雲 希美,,,anime,声優
,527,月乃,,,anime,声優
,528,荒井 瑠里,,,anime,声優
,529,古畑 奈和,,,anime,声優
,530,北原 侑奈,,,anime,声優
,531,御苑生 メイ,,,anime,声優
,532,舌純,,,anime,声優
,533,緒方 恵美,,,anime,声優
,534,佐藤 未奈子,,,anime,声優
,535,小林 大紀,,,anime,声優
,536,吉田 有里,,,anime,声優
,537,森永 千才,,,anime,声優
,538,金澤 まい,,,anime,声優
,539,久住 琳,,,anime,声優
,540,高柳 知葉,,,anime,声優
,541,小泉 萌香,,,anime,声優
,542,北川 菜月,,,anime,声優
,543,木島 隆一,,,anime,声優
,544,和田 将弥,,,anime,声優
,545,新 祐樹,,,anime,声優
,546,福西 勝也,,,anime,声優
,547,狩野 翔,,,anime,声優
,548,中村 繪里子,,,anime,声優
,549,長谷川 明子,,,anime,声優
,550,今井 麻美,,,anime,声優
,551,仁後 真耶子,,,anime,声優
,552,浅倉 杏美,,,anime,声優
,553,平田 宏美,,,anime,声優
,554,下田 麻美,,,anime,声優
,555,たかはし 智秋,,,anime,声優
,556,原 由実,,,anime,声優
,557,若林 直美,,,anime,声優
,558,滝田 樹里,,,anime,声優
,559,山崎 はるか,,,anime,声優
,560,郁原 ゆう,,,anime,声優
,561,平山 笑美,,,anime,声優
,562,田村 奈央,,,anime,声優
,563,香里 有佐,,,anime,声優
,564,大関 英里,,,anime,声優
,565,角元 明日香,,,anime,声優
,566,南 早紀,,,anime,声優
,567,近藤 唯,,,anime,声優
,568,大神 環,,,anime,声優
,569,神尾 晋一郎,,,anime,声優
,570,緑川 光,,,anime,声優
,571,駒田 航,,,anime,声優
,572,速水 奨,,,anime,声優
,573,黒田 崇矢,,,anime,声優
,574,土屋 李央,,,anime,声優
,575,冨樫 かずみ,,,anime,声優
,576,牧野 由依,,,anime,声優
,577,深川 芹亜,,,anime,声優
,578,永牟田 萌,,,anime,声優
,579,青木 志貴,,,anime,声優
,580,高森 奈津美,,,anime,声優
,581,船戸 ゆり絵,,,anime,声優
,582,鈴村 健一,,,anime,声優
,583,阿部 菜摘子,,,anime,声優
,584,岸尾 だいすけ,,,anime,声優
,585,加藤 和樹,,,anime,声優
,586,上村 祐翔,,,anime,声優
,587,柿原 徹也,,,anime,声優
,588,森久保 祥太郎,,,anime,声優
,589,原 紗友里,,,anime,声優
,590,日野 未歩,,,anime,声優
,591,岩中 睦樹,,,anime,声優
,592,酒井 広大,,,anime,声優
,593,木内 太郎,,,anime,声優
,594,竹内 絢子,,,anime,声優
,595,小原 悠輝,,,anime,声優
,596,中西 南央,,,anime,声優
,597,金子 誠,,,anime,声優
,598,生田 鷹司,,,anime,声優
,599,伊瀬 結陸,,,anime,声優
,600,深川 和征,,,anime,声優
,601,土田 玲央,,,anime,声優
,602,鵜澤 正太郎,,,anime,声優
,603,日髙 のり子,,,anime,声優
,604,赤崎 千夏,,,anime,声優
,605,梶田 大嗣,,,anime,声優
,606,市来 光弘,,,anime,声優
,607,徳留 慎乃佑,,,anime,声優
,608,保村 真,,,anime,声優
,609,魚建,,,anime,声優
,610,楠 大典,,,anime,声優
,611,橋本 晃太朗,,,anime,声優
,612,神永 圭佑,,,anime,声優
,613,細貝 圭,,,anime,声優
,614,帆世 雄一,,,anime,声優
,615,洲崎 綾,,,anime,声優
,616,ゆうピソ,,,anime,声優
,617,いくピソ,,,anime,声優
,618,茶風林,,,anime,声優
,619,塙 真奈美,,,anime,声優
,620,後藤 ヒロキ,,,anime,声優
,621,越後屋 コースケ,,,anime,声優
,622,弓木 英梨乃,,,anime,声優
,623,青山 桐子,,,anime,声優
,624,酒井 敬幸,,,anime,声優
,625,荒木 香恵,,,anime,声優
,626,宮田 幸季,,,anime,声優
,627,松浦 愛弓,,,anime,声優
,628,白石 稔,,,anime,声優
,629,飯野 茉優,,,anime,声優
,630,堀本 凪沙,,,anime,声優
,631,本谷 史織,,,anime,声優
,632,大自然 ロジャー,,,anime,声優
,633,木下 章嗣,,,anime,声優
,634,柊子,,,anime,声優
,635,こぶし のぶゆき,,,anime,声優
,636,城内 由茄子,,,anime,声優
,637,坂本 悠里,,,anime,声優
,638,末次 純,,,anime,声優
,639,柳 晃平,,,anime,声優
,640,増元 拓也,,,anime,声優
,641,菅原 達也,,,anime,声優
,642,谷江 玲音,,,anime,声優
,643,朝田 陽貴,,,anime,声優
,644,三浦 勝之,,,anime,声優
,645,山本 友理,,,anime,声優
,646,河本 大貴,,,anime,声優
,647,花倉 洸幸,,,anime,声優
,648,赤﨑 千夏,,,anime,声優
,649,遠藤 綾,,,anime,声優
,650,伊藤 美来,,,anime,声優
,651,折笠 富美子,,,anime,声優
,652,松岡 由貴,,,anime,声優
,653,杉山 紀彰,,,anime,声優
,654,中尾 隆聖,,,anime,声優
,655,楠見 尚己,,,anime,声優
,656,菅生 隆之,,,anime,声優
,657,小野坂 昌也,,,anime,声優
,658,桑島 法子,,,anime,声優
,659,深町 寿成,,,anime,声優
,660,諏訪 彩花,,,anime,声優
,661,あきやま かおる,,,anime,声優
,662,鈴木 達央,,,anime,声優
,663,加納 千秋,,,anime,声優
,664,磯部 恵子,,,anime,声優
,665,初美 メアリ,,,anime,声優
,666,清水 彩香,,,anime,声優
,667,倉持 若菜,,,anime,声優
,668,後藤 邑子,,,anime,声優
,669,神奈 延年,,,anime,声優
,670,伊原 正明,,,anime,声優
,671,寺崎 裕香,,,anime,声優
,672,伊藤 昌弘,,,anime,声優
,673,若山 詩音,,,anime,声優
,674,鈴木 みのり,,,anime,声優
,675,宮下 早紀,,,anime,声優
,676,利根 健太朗,,,anime,声優
,677,大和田 仁美,,,anime,声優
,678,杉山 里穂,,,anime,声優
,679,菅原 慎介,,,anime,声優
,680,伊丸岡 篤,,,anime,声優
,681,山田 美鈴,,,anime,声優
,682,関 俊彦,,,anime,声優
,683,永塚 拓馬,,,anime,声優
,684,久保田 民絵,,,anime,声優
,685,佐藤 聡美,,,anime,声優
,686,いなせ あおい,,,anime,声優
,687,太地 琴恵,,,anime,声優
,688,渕上 舞,,,anime,声優
,689,桑原 由気,,,anime,声優
,690,村川 梨衣,,,anime,声優
,691,植田 佳奈,,,anime,声優
,692,本多 真梨子,,,anime,声優
,693,喜多丘 千陽,,,anime,声優
,694,増谷 康紀,,,anime,声優
,695,村中 知,,,anime,声優
,696,うの ちひろ,,,anime,声優
,697,松原 大典,,,anime,声優
,698,藤沼 健人,,,anime,声優
,699,のぐち ゆり,,,anime,声優
,700,野島 裕史,,,anime,声優
,701,照井 春佳,,,anime,声優
,702,新井 里美,,,anime,声優
,703,大亀 あすか,,,anime,声優
,704,伊藤 かな恵,,,anime,声優
,705,斎賀 みつき,,,anime,声優
,706,加瀬 康之,,,anime,声優
,707,土田 大,,,anime,声優
,708,若林 佑,,,anime,声優
,709,奥野 香耶,,,anime,声優
,710,生天目 仁美,,,anime,声優
,711,立花 理香,,,anime,声優
,712,森山 由梨佳,,,anime,声優
,713,瀬戸 桃子,,,anime,声優
,714,望月 麻衣,,,anime,声優
,715,澤田 姫,,,anime,声優
,716,大野 智敬,,,anime,声優
,717,高塚 智人,,,anime,声優
,718,真野 あゆみ,,,anime,声優
,719,相沢 まさき,,,anime,声優
,720,山本 格,,,anime,声優
,721,横島 亘,,,anime,声優
,722,野沢 由香里,,,anime,声優
,723,赤坂 柾之,,,anime,声優
,724,篠原 侑,,,anime,声優
,725,中村 義洋,,,anime,声優
,726,朝日奈 丸佳,,,anime,声優
,727,衣川 里佳,,,anime,声優
,728,佐々木 未来,,,anime,声優
,729,松井 恵理子,,,anime,声優
,730,小野 元春,,,anime,声優
,731,中島 卓也,,,anime,声優
,732,林 鼓子,,,anime,声優
,733,松田 彩音,,,anime,声優
,734,小林 愛香,,,anime,声優
,735,高槻 かなこ,,,anime,声優
,736,小宮 有紗,,,anime,声優
,737,降幡 愛,,,anime,声優
,738,伊波 杏樹,,,anime,声優
,739,斉藤 朱夏,,,anime,声優
,740,諏訪 ななか,,,anime,声優
,741,逢田 梨香子,,,anime,声優
,742,椎名 へきる,,,anime,声優
,743,田渕 将平,,,anime,声優
,744,金光 宣明,,,anime,声優
,745,田中 あいみ,,,anime,声優
,746,高橋 英則,,,anime,声優
,747,下屋 則子,,,anime,声優
,748,真殿 光昭,,,anime,声優
,749,伊藤 美紀,,,anime,声優
,750,中多 和宏,,,anime,声優
,751,西前 忠久,,,anime,声優
,752,水沢 史絵,,,anime,声優
,753,門脇 舞以,,,anime,声優
,754,新田 恵海,,,anime,声優
,755,南條 愛乃,,,anime,声優
,756,Pile,,,anime,声優
,757,楠田 亜衣奈,,,anime,声優
,758,大塚 紗英,,,anime,声優
,759,西本 りみ,,,anime,声優
,760,小山 茉美,,,anime,声優
,761,儀武 ゆう子,,,anime,声優
,762,尾崎 由香,,,anime,声優
,763,伊藤 彩沙,,,anime,声優
,764,立石 凛,,,anime,声優
,765,青木 陽菜,,,anime,声優
,766,小日向 美香,,,anime,声優
,767,石井 真,,,anime,声優
,768,喜安 浩平,,,anime,声優
,769,松本 まりか,,,anime,声優
,770,松来 未祐,,,anime,声優
,771,沢海 陽子,,,anime,声優
,772,篠原 恵美,,,anime,声優
,773,寿 美菜子,,,anime,声優
,774,茅原 実里,,,anime,声優
,775,小堀 幸,,,anime,声優
,776,藤村 鼓乃美,,,anime,声優
,777,山岡 ゆり,,,anime,声優
,778,久川 綾,,,anime,声優
,779,豊田 萌絵,,,anime,声優
,780,あさぎ 夕,,,anime,声優
,781,餅梨 あむ,,,anime,声優
,782,八ッ橋 しなもん,,,anime,声優
,783,黒井 多飛岡,,,anime,声優
,784,富城 まどか,,,anime,声優
,785,美坂 朱音,,,anime,声優
,786,髙橋 優斗,,"1,2",anime,声優
,787,中村 嶺亜,,"1,2",anime,声優
,788,蒼井 翔太,,,anime,声優
,789,前田 誠二,,,anime,声優
,790,紡木 吏佐,,,anime,声優
,791,金子 彩花,,,anime,声優
,792,橋本 ちなみ,,,anime,声優
,793,小岩井 ことり,,,anime,声優
,794,田谷 隼,,,anime,声優
,795,井口 祐一,,,anime,声優
,796,横槍 メンゴ,,,anime,声優
,797,武田 羅梨沙 多胡,,,anime,声優
,798,集貝 はな,,,anime,声優
,799,平野 良,,,anime,声優
,800,木津 つばさ,,,anime,声優
,801,星野 勇太,,,anime,声優
,802,新納 多朗,,,anime,声優
,803,的場 華鈴,,,anime,声優
,804,山崎 夏菜,,,anime,声優
,805,桐乃 みゆ,,,anime,声優
,806,澤村 光彩,,,anime,声優
,807,ザン ヨウコ,,,anime,声優
,808,上杉 輝,,,anime,声優
,809,誠,,3,anime,声優
,810,浦井のりひろ,,4,anime,声優
,811,古木 のぞみ,,,anime,声優
,812,伊達 朱里紗,,,anime,声優
,813,河原木 志穂,,,anime,声優
,814,下田 レイ,,,anime,声優
,815,鈴木 清信,,,anime,声優
,816,小林 希唯,,,anime,声優
,817,宇垣 秀成,,,anime,声優
,818,柚木 涼香,,,anime,声優
,819,水野 理紗,,,anime,声優
,820,田中 沙耶,,,anime,声優
,821,村上 まどか,,,anime,声優
,822,角倉 英里子,,,anime,声優
,823,和多田 美咲,,,anime,声優
,824,小笠原 仁,,,anime,声優
,825,各務 華梨,,,anime,声優
,826,中島 由貴,,,anime,声優
,827,伊駒 ゆりえ,,,anime,声優
,828,内山 夕実,,,anime,声優
,829,内田 直哉,,,anime,声優
,830,山崎 たくみ,,,anime,声優
,831,酒巻 光宏,,,anime,声優
,832,依田 菜津,,,anime,声優
,833,大野 柚布子,,,anime,声優
,834,龍田 直樹,,,anime,声優
,835,藤澤 奨,,,anime,声優
,836,来栖 りん,,,anime,声優
,837,土屋 神葉,,,anime,声優
,838,江越 彬紀,,,anime,声優
,839,田中 光,,,anime,声優
,840,青木 崇,,,anime,声優
,841,新福 桜,,,anime,声優
,842,相川 遥花,,,anime,声優
,843,生田 輝,,,anime,声優
,844,伊倉 一恵,,,anime,声優
,845,長久 友紀,,,anime,声優
,846,白田 千尋,,,anime,声優
,847,多田 啓太,,,anime,声優
,848,德石 勝大,,,anime,声優
,849,池田 秀一,,,anime,声優
,850,鈴置 洋孝,,,anime,声優
,851,鵜飼 るみ子,,,anime,声優
,852,白石 冬美,,,anime,声優
,853,井上 瑤,,,anime,声優
,854,飯塚 昭三,,,anime,声優
,855,戸田 恵子,,,anime,声優
,856,永井 一郎,,,anime,声優
,857,田中 祟,,,anime,声優
,858,長堀 芳夫,,,anime,声優
,859,遠藤 達哉,,,anime,声優
,860,古橋 一浩,,,anime,
,861,原田 孝宏,,,anime,
,862,山田 鐘人,,,anime,
,863,アベ ツカサ,,,anime,
,864,斎藤 圭一郎,,,anime,
,865,朴 性厚,,,anime,
,866,御所園 翔太,,,anime,
,867,中重 俊祐,,,anime,
,868,宮島 善博,,,anime,
,869,石平 信司,,,anime,
,870,仁昌寺 義人,,,anime,
,871,岸 誠二,,,anime,
,872,橋本 裕之,,,anime,
,873,山岡 実,,,anime,
,874,緒方 隆秀,,,anime,
,875,菱田 正和,,,anime,
,876,高藤 聡,,,anime,
,877,星野 真,,,anime,
,878,いわた かずや,,,anime,
,879,鈴木 理人,,,anime,
,880,大槻 敦史,,,anime,
,881,熨斗谷 充孝,,,anime,
,882,芥見 下々,,,anime,
,883,DUBU,,,anime,
,884,Chugong,,,anime,
,885,h-goon,,,anime,
,886,九井 諒子,,,anime,
,887,あずみ 圭,,,anime,
,888,衣笠 彰梧,,,anime,
,889,七夕 さとり,,,anime,
,890,くろかた,,,anime,
,891,藤孝 剛志,,,anime,
,892,ざっぽん,,,anime,
,893,雨川 透子,,,anime,
,894,小野中 彰大,,,anime,
,895,木嶋 隆太,,,anime,
,896,如月 命,,,anime,
,897,丘野 優,,,anime,
,898,yuin,,,anime,
,899,羽原 久美子,,,anime,
,900,ほのぼのる500,,,anime,
,901,堀内 直樹,,,anime,
,902,山内 重保,,,anime,
,903,タカヒロ,,,anime,
,904,久慈 悟郎,,,anime,
,905,西村 純二,,,anime,
,906,伊科田 海,,,anime,
,907,星野 美鈴,,,anime,
,908,湊 未來,,,anime,
,909,ぶんころり,,,anime,
,910,アズマ サワヨシ,,,anime,
,911,川崎 逸朗,,,anime,
,912,春原 ロビンソン,,,anime,
,913,ひらけい,,,anime,
,914,金森 陽子,,,anime,
,915,佐竹 幸典,,,anime,
,916,浜名 孝行,,,anime,
,917,加藤 和恵,,,anime,
,918,吉田 大輔,,,anime,
,919,屋久 ユウキ,,,anime,
,920,柳 伸亮,,,anime,
,921,綿涙 粉緒,,,anime,
,922,峯 友則,,,anime,
,923,森下 suu,,,anime,
,924,村野 佑太,,,anime,
,925,森川 侑,,,anime,
,926,小高 義規,,,anime,
,927,めいびい,,,anime,
,928,直谷 たかし,,,anime,
,929,大張 正己,,,anime,
,930,豊田 悠,,,anime,
,931,奥田 佳子,,,anime,
,932,硝音 あや,,,anime,
,933,ボブ 白旗,,,anime,
,934,堀 元宣,,,anime,
,935,原 泰久,,,anime,
,936,今泉 賢一,,,anime,
,937,トヨ,,,anime,
,938,昆野 比遊太,,,anime,
,939,水上 悟志,,,anime,
,940,相澤 伽月,,,anime,
,941,内海 紘子,,,anime,
,942,岸本 卓,,,anime,
,943,MAPPA,,,anime,
,944,墨香銅臭,,,anime,
,945,高橋 留美子,,,anime,
,946,髙橋 秀弥,,,anime,
,947,木村 泰大,,,anime,
,948,武井 宏之,,,anime,
,949,古田 丈司,,,anime,
,950,フォビドゥン 澁川,,,anime,
,951,芦名 みのる,,,anime,
,952,向日葵,,,anime,
,953,高上 優里子,,,anime,
,954,北村 淳一,,,anime,
,955,ユキヲ,,,anime,
,956,佐藤 光,,,anime,
,957,高木 隆行,,,anime,
,958,五十嵐 和樹,,,anime,
,959,大森 慎司,,,anime,
,960,野淵 大輔,,,anime,
,961,渡邉 亜依,,,anime,
,962,白井 有希子,,,anime,
,963,本間 裕之,,,anime,
,964,宮城 大翔,,,anime,
,965,村上 桃子,,,anime,
,966,春日 幽鈴,,,anime,
,967,董易,,,anime,
,968,裟椤双樹,,,anime,
,969,桜井 のりお,,,anime,
,970,赤城 博昭,,,anime,
,971,馬谷 いちご ,,,anime,
,972,宮脇 千鶴,,,anime,
,973,西澤 萌黄,,,anime,
,974,土肥 繁葉樹,,,anime,
,975,高橋 知子,,,anime,
,976,鶴崎 りか,,,anime,
,977,鷲尾 天,,,anime,
,978,多田 香奈子,,,anime,
,979,利根 里佳,,,anime,
,980,髙橋 麻樹,,,anime,
,981,玉村 仁,,,anime,
,982,priest,,,anime,
,983,王淼,,,anime,
,984,黎嘉潔,,,anime,
,985,OPAP-JP,,,anime,
,986,井二 かける,,,anime,
,987,日向 理恵子,,,anime,
,988,山川 典夫,,,anime,
,989,岩﨑 拓矢,,,anime,
,990,船田 晃,,,anime,
,991,うかうか,,,anime,
,992,池ヶ谷 愛,,,anime,
,993,瀬古 浩司,,,anime,
,994,猪原 健太,,,anime,
,995,青葉 譲,,,anime,
,996,木村 暢,,,anime,
,997,加納 京太,,,anime,
,998,金田 一明,,,anime,
,999,赤尾 でこ,,,anime,
,1000,香椎 葉平,,,anime,
,1001,米内山 陽子,,,anime,
,1002,黒崎 エーヨ,,,anime,
,1003,花田 十輝,,,anime,
,1004,押井 守,,,anime,
,1005,熊本 浩武,,,anime,
,1006,佐々木 充郭,,,anime,
,1007,Gakken,,,anime,
,1008,湯山 邦彦,,,anime,
,1009,岸本 真太郎,,,anime,
,1010,桑島 黎音,,,anime,
,1011,伊藤 彰,,,anime,
,1012,山田 卓,,,anime,
,1013,横山 彰利,,,anime,
,1014,亀井 博司,,,anime,
,1015,木下絵李,,,anime,
,1016,Eunyoung Choi,,,anime,
,1017,村越 麻海,,,anime,
,1018,鶴岡 聡,,,anime,
,1019,天野 聡美,,,anime,
,1020,黒瀬 ゆうこ,,,anime,
,1021,宮島 えみ,,,anime,
,1022,巽 悠衣子,,,anime,
,1023,引坂 理絵,,,anime,
,1024,明坂 聡美,,,anime,
,1025,矢野 優美華,,,anime,
,1026,和久井 優,,,anime,
,1027,遠藤 璃菜,,,anime,
,1028,きそ ひろこ,,,anime,
,1029,長野 伸二,,,anime,
,1030,小林 さとみ,,,anime,
,1031,田村 好,,,anime,
,1032,福緒 唯,,,anime,
,1033,高木 美佑,,,anime,
,1034,丸岡 和佳奈,,,anime,
,1035,佐藤 亜美菜,,,anime,
,1036,今井 麻夏,,,anime,
,1037,春瀬 なつみ,,,anime,
,1038,小森 結梨,,,anime,
,1039,米内 佑希,,,anime,
,1040,松本 梨香,,,anime,
,1041,大谷 育江,,,anime,
,1042,飯塚 雅弓,,,anime,
,1043,こおろぎ さとみ,,,anime,
,1044,愛河 里花子,,,anime,
,1045,かない みか,,,anime,
,1046,林原 めぐみ,,,anime,
,1047,上田 祐司,,,anime,
,1048,犬山 イヌコ,,,anime,
,1049,塾 一久,,,anime,
,1050,奥村 翔,,,anime,
,1051,間島 淳司,,,anime,
,1052,兼政 郁人,,,anime,
,1053,日向 未南,,,anime,
,1054,田所 陽向,,,anime,
,1055,本田 貴子,,,anime,
,1056,下山 吉光,,,anime,
,1057,根本 京里,,,anime,
,1058,小澤 亜李,,,anime,
,1059,谷口 夢奈,,,anime,
,1060,白城 なお,,,anime,
,1061,田澤 茉純,,,anime,
,1062,中島 沙樹,,,anime,
,1063,かかず ゆみ,,,anime,
,1064,佐久間 紅美,,,anime,
,1065,望月 久代,,,anime,
,1066,野田 順子,,,anime,
,1067,遠近 孝一,,,anime,
,1068,天麻 ゆうき,,,anime,
,1069,日向 未来,,,anime,
,1070,十二 稜子,,,anime,
,1071,戸田 梨杏,,,anime,
,1072,石井 萌々果,,,anime,
,1073,石原 夏織,,,anime,
,1074,佐伯 伊織,,,anime,
,1075,手塚 ヒロミチ,,,anime,
,1076,最上 嗣生,,,anime,
,1077,天城 サリー,,,anime,
,1078,松岡 里,,,anime,
,1079,磯辺 万沙子,,,anime,
,1080,武藤 正史,,,anime,
,1081,马正阳,,,anime,
,1082,吟良犬,,,anime,
,1083,周侗,,,anime,
,1084,王潇倩,,,anime,
,1085,藤新,,,anime,
,1086,行成 とあ,,,anime,
,1087,藤田 咲,,,anime,
,1088,庄司 宇芽香,,,anime,
,1089,廣田 行生,,,anime,
,1090,夜道 雪,,,anime,
,1091,駒形 友梨,,,anime,
,1092,白砂 沙帆,,,anime,
,1093,伊野月 修司,,,anime,
,1094,小林 由美子,,,anime,
,1095,池谷 のぶえ,,,anime,
,1096,片山 福十郎,,,anime,
,1097,福田 信昭,,,anime,
,1098,太田 真一郎,,,anime,
,1099,勝沼 紀義,,,anime,
,1100,井上 剛,,,anime,
,1101,野島 健児,,,anime,
,1102,大西 亜玖璃,,,anime,
,1103,相良 茉優,,,anime,
,1104,村上 奈津実,,,anime,
,1105,指出 毬亜,,,anime,
,1106,田中 ちえ美,,,anime,
,1107,内田 秀,,,anime,
,1108,法元 明菜,,,anime,
,1109,弘松 芹香,,,anime,
,1110,さかき 孝輔,,,anime,
,1111,拝 真之介,,,anime,
,1112,石川 英郎,,,anime,
,1113,齋藤 彩夏,,,anime,
,1114,渡辺 いっけい,,,anime,
,1115,北沢 力,,,anime,
,1116,中尾 衣里,,,anime,
,1117,森田 順平,,,anime,
,1118,山本 希望,,,anime,
,1119,清都 ありさ,,,anime,
,1120,鈴木 柚里絵,,,anime,
,1121,上白石 萌音,,,anime,
,1122,ヒコロヒー,,,anime,
,1123,佐藤 はな,,,anime,
,1124,大谷 理美,,,anime,
,1125,冨岡 美沙子,,,anime,
,1126,白那美 アンジュ,,,anime,
,1127,外崎 友亮,,,anime,
,1128,紀ノ 貴紀,,,anime,
,1129,神代 知衣,,,anime,
,1130,高山 みなみ,,,anime,
,1131,藤原 啓治,,,anime,
,1132,金田 アキ,,,anime,
,1133,市川 蒼,,,anime,
,1134,神原 大地,,,anime,
,1135,木間 萌,,,anime,
,1136,梶川 翔平,,,anime,
,1137,持月 玲依,,,anime,
,1138,千菅 春香,,,anime,
,1139,小若 和郁那,,,anime,
,1140,野口 瑠璃子,,,anime,
,1141,本多 力,,,anime,
,1142,春村 奈々,,,anime,
,1143,藤田 茜,,,anime,
,1144,渡部 恵子,,,anime,
,1145,岩崎 ひろし,,,anime,
,1146,工藤 夕希,,,anime,
,1147,佐古 真弓,,,anime,
,1148,本山 かおり,,,anime,
,1149,宮寺 智子,,,anime,
,1150,渡部 紗弓,,,anime,
,1151,亀山 雄慈,,,anime,
,1152,新田 ひより,,,anime,
,1153,くまなの,,,anime,
,1154,029,,,anime,
,1155,信田 ユウ,,,anime,
,1156,岸本 和葉,,,anime,
,1157,嵐山,,,anime,
,1158,40原,,,anime,
,1159,中西 基樹,,,anime,
,1160,Milcha,,,anime,
,1161,Whale,,,anime,
,1162,山元 隼一,,,anime,
,1163,友藤 結,,,anime,
,1164,今 千秋,,,anime,
,1165,雨隠 ギド,,,anime,
,1166,木村 隆一,,,anime,
,1167,池田 ユウキ,,,anime,
,1168,オジロ マコト,,,anime,
,1169,池田 臨太郎,,,anime,
,1170,冬原 パトラ,,,anime,
,1171,兎塚 エイジ,,,anime,
,1172,柳瀬 雄之,,,anime,
,1173,高橋 ナツコ,,,anime,
,1174,岩崎 良明,,,anime,
,1175,川村 拓,,,anime,
,1176,影山 楙倫,,,anime,
,1177,未幡,,,anime,
,1178,さんぺい 聖,,,anime,
,1179,廾之,,,anime,
,1180,岡本 学,,,anime,
,1181,田尻 智,,,anime,
,1182,日高 政光,,,anime,
,1183,冨安 大貴,,,anime,
,1184,でん さおり,,,anime,
,1185,羽鳥 潤,,,anime,
,1186,皐月 彩,,,anime,
,1187,城戸 みつる,,,anime,
,1188,MAD ミルクポット markets,,,anime,
,1189,JUN INAGAWA,,,anime,
,1190,博史 池畠,,,anime,
,1191,谷村 大四郎,,,anime,
,1192,十日 草輔,,,anime,
,1193,八田 洋介,,,anime,
,1194,花井 宏和,,,anime,
,1195,吉田 玲子,,,anime,
,1196,征海 美亜,,,anime,
,1197,阿部 記之,,,anime,
,1198,真島 ヒロ,,,anime,
,1199,鈴木 勇士,,,anime,
,1200,あだち 充,,,anime,
,1201,渡部 穏寛,,,anime,
,1202,冨岡 淳広,,,anime,
,1203,樋口 達人,,,anime,
,1204,神谷 智大,,,anime,
,1205,迫井 政行,,,anime,
,1206,Mika Pikazo,,,anime,
,1207,木野目 優,,,anime,
,1208,石黒 正数,,,anime,
,1209,森 大貴,,,anime,
,1210,时代漫王,,,anime,
,1211,于沺,,,anime,
,1212,楊暁軒,,,anime,
,1213,張誠鋼,,,anime,
,1214,稲垣 隆行,,,anime,
,1215,黒田 洋介,,,anime,
,1216,中村 勇志,,,anime,
,1217,齊藤 啓也,,,anime,
,1218,村上 晶,,,anime,
,1219,石倉 礼,,,anime,
,1220,廣嶋 玲子,,,anime,
,1221,jyajya,,,anime,
,1222,富岡 聡,,,anime,
,1223,小林 雄次,,,anime,
,1224,小野 勝巳,,,anime,
,1225,さとう けいいち,,,anime,
,1226,加瀬 充子,,,anime,
,1227,西田 征史,,,anime,
,1228,ヤマサキ オサム,,,anime,
,1229,猪爪 慎一,,,anime,
,1230,ひなた 凛,,,anime,
,1231,多田 俊介,,,anime,
,1232,矢立 肇,,,anime,
,1233,公野 櫻子,,,anime,
,1234,河村 智之,,,anime,
,1235,田中 仁,,,anime,
,1236,石崎 太郎,,,anime,
,1237,トロル,,,anime,
,1238,本郷 みつる,,,anime,
,1239,上野 勇,,,anime,
,1240,五箇 公貴,,,anime,
,1241,櫻井 雄一,,,anime,
,1242,近藤 庸平,,,anime,
,1243,下川 猛,,,anime,
,1244,安藤 盛治,,,anime,
,1245,上遠野 大輔,,,anime,
,1246,村上 一馬,,,anime,
,1247,齋賀 正仙,,,anime,
,1248,竹村 菜月,,,anime,
,1249,井上 光晴,,,anime,
,1250,亀垣 一,,,anime,
,1251,橋本 みつお,,,anime,
,1252,杉本 道俊,,,anime,
,1253,市川 量也,,,anime,
,1254,大森 藤ノ,,,anime,
,1255,ヤスダ スズヒト,,,anime,
,1256,山川 吉樹,,,anime,
,1257,橘 秀樹,,,anime,
,1258,夕蜜柑,,,anime,
,1259,狐印,,,anime,
,1260,大沼 心,,,anime,
,1261,佐伯さん,,,anime,
,1262,はねこと,,,anime,
,1263,王 麗花,,,anime,
,1264,鴉 ぴえろ,,,anime,
,1265,きさらぎ ゆり,,,anime,
,1266,玉木 慎吾,,,anime,
,1267,小鈴 危一,,,anime,
,1268,オカザキ トシノリ,,,anime,
,1269,渋谷 亮介,,,anime,
,1270,長山 延好,,,anime,
,1271,ハヤケン,,,anime,
,1272,Nagu,,,anime,
,1273,葛谷 直行,,,anime,
,1274,ねことうふ,,,anime,
,1275,藤井 慎吾,,,anime,
,1276,横手 美智子,,,anime,
,1277,一智 和智,,,anime,
,1278,窪岡 俊之,,,anime,
,1279,御子柴 奈々,,,anime,
,1280,梱枝 りこ,,,anime,
,1281,たかた まさひろ,,,anime,
,1282,長瀬 貴弘,,,anime,
,1283,岡沢 六十四,,,anime,
,1284,ジョー,,,anime,
,1285,追崎 史敏,,,anime,
,1286,雨宮 ひとみ,,,anime,
,1287,sage,,,anime,
,1288,城平 京,,,anime,
,1289,後藤 圭二,,,anime,
,1290,富士 伸太,,,anime,
,1291,黒井 ススム,,,anime,
,1292,いまざき いつき,,,anime,
,1293,FUNA,,,anime,
,1294,玉田 博,,,anime,
,1295,恵ノ島 すず,,,anime,
,1296,えいひ,,,anime,
,1297,吉村 文宏,,,anime,
,1298,柳田 史太,,,anime,
,1299,難波 日登志,,,anime,
,1300,殿ヶ谷 美由記,,,anime,
,1301,まんきゅう,,,anime,
,1302,美紅,,,anime,
,1303,U35,,,anime,
,1304,奥村 よしあき,,,anime,
,1305,市川 十億衛門,,,anime,
,1306,江口 連,,,anime,
,1307,松田 清,,,anime,
,1308,古川 五勢,,,anime,
,1309,安ドウ タカシ,,,anime,
,1310,綾野 ことこ,,,anime,
,1311,山村 卓也,,,anime,
,1312,日向夏,,,anime,
,1313,長沼 範裕,,,anime,
,1314,諫山 創,,,anime,
,1315,荒木 哲郎,,,anime,
,1316,林 祐一郎,,,anime,
,1317,逢沢 大介,,,anime,
,1318,中西 和也,,,anime,
,1319,硬 梨菜,,,anime,
,1320,不二 涼介,,,anime,
,1321,アネコユサギ,,,anime,
,1322,阿保 孝雄,,,anime,
,1323,垪和 等,,,anime,
,1324,稲垣 理一郎,,,anime,
,1325,Boichi,,,anime,
,1326,飯野 慎也,,,anime,
,1327,木戸 雄一郎,,,anime,
,1328,松下 周平,,,anime,
,1329,橘 由華,,,anime,
,1330,珠梨 やすゆき,,,anime,
,1331,井畑 翔太,,,anime,
,1332,小林 湖底,,,anime,
,1333,南川 達馬,,,anime,
,1334,成田 良悟,,,anime,
,1335,藤本 新太,,,anime,
,1336,小野 学,,,anime,
,1337,菅原 雪絵,,,anime,
,1338,川上 泰樹,,,anime,
,1339,伏瀬,,,anime,
,1340,みっつばー,,,anime,
,1341,菊地 康仁,,,anime,
,1342,中山 敦史,,,anime,
,1343,餅月 望,,,anime,
,1344,Gilse,,,anime,
,1345,伊部 勇志,,,anime,
,1346,大庭 秀昭,,,anime,
,1347,長岡 マキ子,,,anime,
,1348,中村 力斗,,,anime,
,1349,野澤 ゆき子,,,anime,
,1350,Wookjakga,,,anime,
,1351,Usonan,,,anime,
,1352,川口 太詩,,,anime,
,1353,鴻野 貴光,,,anime,
,1354,yoruhashi,,,anime,
,1355,元永 慶太郎,,,anime,
,1356,逆井 卓馬,,,anime,
,1357,遠坂 あさぎ,,,anime,
,1358,高橋 雅之,,,anime,
,1359,一色 一凛,,,anime,
,1360,柳沢 テツヤ,,,anime,
,1361,椎名 ほわほわ,,,anime,
,1362,中澤 勇一,,,anime,
,1363,いのり。,,,anime,
,1364,花ヶ田,,,anime,
,1365,青乃下,,,anime,
,1366,柳野 かなた,,,anime,
,1367,輪 くすさが,,,anime,
,1368,岩永 彰,,,anime,
,1369,髙橋 龍也,,,anime,
,1370,梧桐 翔大,,,anime,
,1371,戸塚 慶文,,,anime,
,1372,八瀬 祐樹,,,anime,
,1373,天野 明,,,anime,
,1374,及川 啓,,,anime,
,1375,小林 大樹,,,anime,
,1376,高橋 賢,,,anime,
,1377,いちかわ 暖,,,anime,
,1378,佐野 菜見,,,anime,
,1379,蝸牛 くも,,,anime,
,1380,尾崎 隆晴,,,anime,
,1381,髙田 美里,,,anime,
,1382,倉田 英之,,,anime,
,1383,しげの 秀一,,,anime,
,1384,中 智仁,,,anime,
,1385,山下 憲一,,,anime,
,1386,稲荷 明比古,,,anime,
,1387,門司 柿家,,,anime,
,1388,もりたけし,,,anime,
,1389,村田 尚樹,,,anime,
,1390,toi8,,,anime,
,1391,若木 民喜,,,anime,
,1392,みつみ 美里,,,anime,
,1393,甘露 樹,,,anime,
,1394,佐久間 貴史,,,anime,
,1395,ヒロユキ,,,anime,
,1396,桑原 智,,,anime,
,1397,鈴木 孝聡,,,anime,
,1398,大知 慶一郎,,,anime,
,1399,犬飼 和彦,,,anime,
,1400,高山 カツヒコ,,,anime,
,1401,山本 靖貴,,,anime,
,1402,加藤 大志,,,anime,
,1403,花沢 健吾,,,anime,
,1404,ピロヤ,,,anime,
,1405,実樹 ぶきみ,,,anime,
,1406,安藤 正臣,,,anime,
,1407,中西 やすひろ,,,anime,
,1408,藤沢 志月,,,anime,
,1409,東堂 いづみ,,,anime,
,1410,鈴木 央,,,anime,
,1411,岡村 天斎,,,anime,
,1412,小平 麻紀,,,anime,
,1413,劉 思文,,,anime,
,1414,渡邉 祐記,,,anime,
,1415,曽田 正人,,,anime,
,1416,冨山 玖呂,,,anime,
,1417,むらた 雅彦,,,anime,
,1418,あおき えい,,,anime,
,1419,安藤 尚也,,,anime,
,1420,伊神 貴世,,,anime,
,1421,駒屋 健一郎,,,anime,
,1422,モティカ,,,anime,
,1423,みうら さぶろう,,,anime,
,1424,あいだ いろ,,,anime,
,1425,北村 真咲,,,anime,
,1426,中西 伸彰,,,anime,
,1427,和久井 健,,,anime,
,1428,初見 浩一,,,anime,
,1429,錦織 敦史,,,anime,
,1430,綿田 慎也,,,anime,
,1431,ふか田 さめたろう,,,anime,
,1432,浅見 隆司,,,anime,
,1433,富野 由悠季,,,anime,
,1434,はつはる,,,anime,
,1435,高本 宣弘,,,anime,
,1436,平見 瞠,,,anime,
,1437,冨田 頼子,,,anime,
,1438,大熊 らすこ,,,anime,
,1439,かおり,,,anime,
,1440,零子还有钞,,,anime,
,1441,呆尾,,,anime,
,1442,小榕,,,anime,
,1443,栗子,,,anime,
,1444,徐碧君,,,anime,
,1445,黄麗瑛,,,anime,
,1446,古流 望,,,anime,
,1447,吾峠 呼世晴,,,anime,
,1448,甲本 一,,,anime,
,1449,高橋陽一,,,anime,
,1450,高松 美咲,,,anime,
,1451,斎 創,,,anime,
,1452,三川 みり,,,anime,
,1453,三木 なずな,,,anime,
,1454,山川 直輝,,,anime,
,1455,山田 ヒツジ,,,anime,
,1456,山田 胡瓜,,,anime,
,1457,志倉 千代丸,,,anime,
,1458,七尾 ナナキ,,,anime,
,1459,朱白あおい,,,anime,
,1460,渋谷 陽一,,,anime,
,1461,春場 ねぎ,,,anime,
,1462,新木 伸,,,anime,
,1463,澄守 彩,,,anime,
,1464,瀬尾 公治,,,anime,
,1465,青崎 有吾,,,anime,
,1466,赤坂 アカ,,,anime,
,1467,雪森 寧々,,,anime,
,1468,竹岡 葉月,,,anime,
,1469,竹町,,,anime,
,1470,中尾 浩之,,,anime,
,1471,昼熊,,,anime,
,1472,朝霧 カフカ,,,anime,
,1473,天壱,,,anime,
,1474,藤井おでこ,,,anime,
,1475,藤近小梅,,,anime,
,1476,奈須きのこ,,,anime,
,1477,弐瓶 勉,,,anime,
,1478,春河 35,,,anime,
,1479,畑 健二郎,,,anime,
,1480,トマリ,,,anime,
,1481,樋口 彰彦,,,anime,
,1482,武田 綾乃,,,anime,
,1483,麻生 羽呂,,,anime,
,1484,夜州,,,anime,
,1485,矢吹 健太朗,,,anime,
,1486,月岡 月穂,,,anime,
,1487,和月 伸宏,,,anime,
,1488,和武 はざの,,,anime,
,1489,ペーター・ミツル,,,anime,
,1490,ましろ,,,anime,
,1491,みやうち 沙矢,,,anime,
,1492,ヨコオタロウ,,,anime,
,1493,阿久井 真,,,anime,
,1494,安野 モヨコ,,,anime,
,1495,一汪空气,,,anime,
,1496,宇野 朴人,,,anime,
,1497,顎木 あくみ,,,anime,
,1498,鴨志田 一,,,anime,
,1499,吉岡 公威,,,anime,
,1500,久追 遥希,,,anime,
,1501,久保 帯人,,,anime,
,1502,宮島 礼吏,,,anime,
,1503,暁 なつめ,,,anime,
,1504,近藤 憲⼀,,,anime,
,1505,イケダ ケイ,,,anime,
,1506,イケハヤ,,,anime,
,1507,HERO,,,anime,
,1508,toufu,,,anime,
,1509,ブロッコリーライオン,,,anime,
,1510,オニグンソウ,,,anime,
,1511,イノウエ,,,anime,
,1512,スバルイチ,,,anime,
,1513,このえ,,,anime,
,1514,高田 康太郎,,,anime,
,1515,萩原 ダイスケ,,,anime,
,1516,Tiv,,,anime,
,1517,konomi,,,anime,
,1518,森沢 晴行,,,anime,
,1519,あき,,,anime,
,1520,秋風 緋色,,,anime,
,1521,幸奈 ふな,,,anime,
,1522,sime,,,anime,
,1523,えんどう てつや,,,anime,
,1524,サトウ 光敏,,,anime,
,1525,ひらさわ ひさよし,,,anime,
,1526,ラレコ,,,anime,
,1527,安藤 裕章,,,anime,
,1528,安部 祐二郎,,,anime,
,1529,安齋 剛文,,,anime,
,1530,井上 圭介,,,anime,
,1531,稲葉 友紀,,,anime,
,1532,宇根 信也,,,anime,
,1533,羽原 信義,,,anime,
,1534,益山 亮司,,,anime,
,1535,榎戸 駿,,,anime,
,1536,加藤 敏幸,,,anime,
,1537,河原 真明,,,anime,
,1538,外崎 春雄,,,anime,
,1539,柿本 広大,,,anime,
,1540,鬼塚 大輔,,,anime,
,1541,亀井 隆,,,anime,
,1542,久城 りおん,,,anime,
,1543,久保田 雄大,,,anime,
,1544,宮本 幸裕,,,anime,
,1545,京極 尚彦,,,anime,
,1546,玉川 真人,,,anime,
,1547,金崎 貴臣,,,anime,
,1548,月見里 智弘,,,anime,
,1549,古賀 一臣,,,anime,
,1550,五十嵐 卓哉,,,anime,
,1551,工藤 進,,,anime,
,1552,佐藤 雄三,,,anime,
,1553,佐藤 竜雄,,,anime,
,1554,山口 祐司,,,anime,
,1555,山本 秀世,,,anime,
,1556,秋田谷 典昭,,,anime,
,1557,出合 小都美,,,anime,
,1558,小林 寛,,,anime,
,1559,松根 マサト,,,anime,
,1560,松本 淳,,,anime,
,1561,新田 典生,,,anime,
,1562,森 賢,,,anime,
,1563,秦 鶴陽,,,anime,
,1564,菅沼 栄治,,,anime,
,1565,瀬下 寛之,,,anime,
,1566,青木 弘安,,,anime,
,1567,石原 立也,,,anime,
,1568,石浜 真史,,,anime,
,1569,川越 一生,,,anime,
,1570,川口 敬一郎,,,anime,
,1571,浅香 守生,,,anime,
,1572,増井 壮一,,,anime,
,1573,則座 誠,,,anime,
,1574,大野 悟,,,anime,
,1575,濁川 敦,,,anime,
,1576,中村 憲由,,,anime,
,1577,中谷 亜沙美,,,anime,
,1578,田口 智久,,,anime,
,1579,田中 智也,,,anime,
,1580,能戸 隆,,,anime,
,1581,畠山 守,,,anime,
,1582,板垣 伸,,,anime,
,1583,富野 喜幸,,,anime,
,1584,武田 睦海,,,anime,
,1585,平牧 大輔,,,anime,
,1586,野中 晶史,,,anime,
,1587,野呂 純恵,,,anime,
,1588,鈴木 洋平,,,anime,
,1589,和田 淳,,,anime,
,1590,楪 エマ,,,anime,
,1591,箙 みちる,,,anime,
,1592,钟鸣,,,anime,
,1593,髙木 啓明,,,anime,
,1594,木内 秀信,,,anime,
,1595,柊 優花,,,anime,
,1596,嶋野 花,,,anime,
,1597,吉岡 茉祐,,,anime,
,1598,内藤 騎之介,,,anime,
,1599,やすも,,,anime,
,1600,倉谷 涼一,,,anime,
,1601,浅井 義之,,,anime,
,1602,Roy,,,anime,
,1603,広瀬 ゆうき,,,anime,
,1604,清川 元夢,,,anime,
,1605,久保田 梨沙,,,anime,
,1606,山田 由香,,,anime,
,1607,岡田 邦彦,,,anime,
,1608,河本 ほむら,,,anime,
,1609,武野 光,,,anime,
,1610,和田 純一,,,anime,
,1611,榎本 快晴,,,anime,
,1612,しゅがお,,,anime,
,1613,李 家傑,,,anime,
,1614,礒部 花凜,,,anime,
,1615,相羽 あいな,,,anime,
,1616,河野 ひより,,,anime,
,1617,張丹,,,anime,
,1618,青耶木 まゆ,,,anime,
,1619,緒方 賢一,,,anime,
,1620,島田 岳洋,,,anime,
,1621,オグロ アキラ,,,anime,
,1622,海法 紀光,,,anime,
,1623,雪野 五月,,,anime,
,1624,内藤 泰弘,,,anime,
,1625,鶴 ひろみ,,,anime,
,1626,西村 聡,,,anime,
,1627,あんどう さくら,,,anime,
,1628,松田 賢二,,,anime,
,1629,TARAKO,,,anime,
,1630,池田 純矢,,,anime,
,1631,武藤 健司,,,anime,
,1632,武井 克弘,,,anime,
,1633,稲本 達郎,,,anime,
,1634,岡嶋 心,,,anime,
,1635,ナナシ,,,anime,
,1636,ウシロ シンジ,,,anime,
,1637,盆ノ木 至,,,anime,
,1638,神志那 弘志,,,anime,
,1639,鷹目 利,,,anime,
,1640,藤森 雅也,,,anime,
,1641,虚淵 玄,,,anime,
,1642,大樹 連司,,,anime,
,1643,熊可,,,anime,
,1644,梁莎,,,anime,
,1645,壤 晴彦,,,anime,
,1646,佐藤 英一,,,anime,
,1647,涼村 千夏,,,anime,
,1648,大西 信介,,,anime,
,1649,田中 昂,,,anime,
,1650,安齋 由香里,,,anime,
,1651,三浦 千幸,,,anime,
,1652,村岡 ユウ,,,anime,
,1653,荻原 健,,,anime,
,1654,南 央美,,,anime,
,1655,吉田 古奈美,,,anime,
,1656,秋田 禎信,,,anime,
,1657,わたなべ ひろし,,,anime,
,1658,草河 遊也,,,anime,
,1659,水野 まりえ,,,anime,
,1660,村井 さだゆき,,,anime,
,1661,山田 哲弥,,,anime,
,1662,渋谷 慧,,,anime,
,1663,kayto,,,anime,
,1664,萩谷 慧悟,,,anime,
,1665,桐本 拓哉,,,anime,
,1666,イムガヒ,,,anime,
,1667,北見 六花,,,anime,
,1668,八神 仙,,,anime,
,1669,暁 あいり,,,anime,
,1670,白上 奏,,,anime,
,1671,櫻井 ありす,,,anime,
,1672,ギリギリ 舞,,,anime,
,1673,ゆうき まりも,,,anime,
,1674,山口 諒太郎,,,anime,
,1675,平井 亜門,,,anime,
,1676,助川 真蔵,,,anime,
,1677,森蔭 晨之介,,,anime,
,1678,坂田 隆一郎,,,anime,
,1679,masa,,,anime,
,1680,下前 祐貴,,,anime,
,1681,馬越 琢己,,,anime,
,1682,坪倉 康晴,,,anime,
,1683,高本 学,,,anime,
,1684,牛嶋 新一郎,,,anime,
,1685,三村 遙佳,,,anime,
,1686,志崎 樺音,,,anime,
,1687,倉知 玲鳳,,,anime,
,1688,前島 亜美,,,anime,
,1689,佐藤 日向,,,anime,
,1690,水島 精二,,,anime,
,1691,反田 葉月,,,anime,
,1692,深川 瑠華,,,anime,
,1693,渡瀬 結月,,,anime,
,1694,入江 麻衣子,,,anime,
,1695,七木 奏音,,,anime,
,1696,鈴木 大介,,,anime,
,1697,ほりうち ゆうや,,,anime,
,1698,菊池 カツヤ,,,anime,
,1699,中村 倫也,,,anime,
,1700,yuka,,,anime,
,1701,東出 祐一郎,,,anime,
,1702,綾奈 ゆにこ,,,anime,
,1703,山田 章博,,,anime,
,1704,堀川 亮,,,anime,
,1705,橋本 晃一,,,anime,
,1706,堀 秀行,,,anime,
,1707,潘 恵子,,,anime,
,1708,山本 百合子,,,anime,
,1709,宮内 幸平,,,anime,
,1710,車田 正美,,,anime,
,1711,旗野 義文,,,anime,
,1712,川田 万寿,,,anime,
,1713,横山 和夫,,,anime,
,1714,加藤 守啓,,,anime,
,1715,三浦 祥朗,,,anime,
,1716,江川 央生,,,anime,
,1717,田中 亮一,,,anime,
,1718,田中 秀幸,,,anime,
,1719,三ツ矢 雄二,,,anime,
,1720,芦野 芳晴,,,anime,
,1721,島本 須美,,,anime,
,1722,江副 仁美,,,anime,
,1723,待田 堂子,,,anime,
,1724,小林 沙苗,,,anime,
,1725,鈴木 龍太郎,,,anime,
,1726,佐久間 大介,,5,anime,
,1727,中西 豪,,,anime,
,1728,冲方 丁,,,anime,
,1729,叶 思華,,,anime,
,1730,守屋 亨香,,,anime,
,1731,二又 一成,,,anime,
,1732,今井 耕二,,,anime,
,1733,大下 昌之,,,anime,
,1734,福森 加織,,,anime,
,1735,奈日抽 ねね,,,anime,
,1736,小林 清志,,,anime,
,1737,梅津 智史,,,anime,
,1738,飯塚 貴士,,,anime,
,1739,キムラ,,,anime,
,1740,じん,,,anime,
,1741,ハヤシ ナオキ,,,anime,
,1742,芦野 里実,,,anime,
,1743,ヤスカワ ショウゴ,,,anime,
,1744,佐藤 進哉,,,anime,
,1745,横谷 昌宏,,,anime,
,1746,王鋳,,,anime,
,1747,吉岡 たかを,,,anime,
,1748,金月 龍之介,,,anime,
,1749,元村 洸一,,,anime,
,1750,高橋 悠也,,,anime,
,1751,佐藤 亜美,,,anime,
,1752,細川 徹,,,anime,
,1753,三浦 有為子,,,anime,
,1754,小川 ひとみ,,,anime,
,1755,水月 秋,,,anime,
,1756,大河内 一楼,,,anime,
,1757,大東 大介,,,anime,
,1758,内田 沙矢子,,,anime,
,1759,八薙 玉造,,,anime,
,1760,邓皓,,,anime,
,1761,岩浪 美和,,,anime,
,1762,下山 健人,,,anime,
,1763,角 学,,,anime,
,1764,後藤 みどり,,,anime,
,1765,森田 眞由美,,,anime,
,1766,蒼樹 靖子,,,anime,
,1767,大西 雄仁,,,anime,
,1768,田辺 茂範,,,anime,
,1769,木原 梨花,,,anime,
,1770,樊夢丹,,,anime,
,1771,张喆,,,anime,
,1772,横峯 克昌,,,anime,
,1773,坂詰 嵩仁,,,anime,
,1774,松浦 直紀,,,anime,
,1775,浅見 松雄,,,anime,
,1776,池端 隆史,,,anime,
,1777,釣井 省吾,,,anime,
,1778,田辺 慎吾,,,anime,
,1779,馬引 圭,,,anime,
,1780,三嶋 くろね,,,anime,
,1781,朝基 まさし,,,anime,
,1782,田口 ケンジ,,,anime,
,1783,半月板損傷,,,anime,
,1784,小村 哲生,,,anime,
,1785,三野 雄大,,,anime,
,1786,髙橋 耕次郎,,,anime,
,1787,水内 清光,,,anime,
,1788,大西 健晴,,,anime,
,1789,朝比奈 拓見,,,anime,
,1790,一条 和矢,,,anime,
,1791,南 勝久,,,anime,
,1792,髙橋 良輔,,,anime,
,1793,高島 雄哉,,,anime,
,1794,にい さとる,,,anime,
,1795,赤井 俊文,,,anime,
,1796,二月 公,,,anime,
,1797,さばみぞれ,,,anime,
,1798,鬼ノ城 ミヤ,,,anime,
,1799,片桐,,,anime,
,1800,糸町 秋音,,,anime,
,1801,峯田 茉優,,,anime,
,1802,菅沼 千紗,,,anime,
,1803,八巻 アンナ,,,anime,
,1804,希水 しお,,,anime,
,1805,結名 美月,,,anime,
,1806,涼本 あきほ,,,anime,
,1807,黒木 ほの香,,,anime,
,1808,西尾 維新,,,anime,
,1809,メル。,,,anime,
,1810,熊田 茜音,,,anime,
,1811,結川 あさき,,,anime,
,1812,比嘉 良介,,,anime,
,1813,浦山 迅,,,anime,
,1814,noho,,,anime,
,1815,山内 愛弥,,,anime,
,1816,子安 光樹,,,anime,
,1817,紅月 シン,,,anime,
,1818,ちょこ庵,,,anime,
,1819,藤村 俊二,,,anime,
,1820,矢作 紗友里,,,anime,
,1821,篠原 俊哉,,,anime,
,1822,岩田 幹宏,,,anime,
,1823,清水 博之,,,anime,
,1824,丸山 博雄,,,anime,
,1825,枢 やな,,,anime,
,1826,渡部 俊樹,,,anime,
,1827,岡田 堅二朗,,,anime,
,1828,片岡 あづさ,,,anime,
,1829,米澤 円,,,anime,
,1830,近藤 隆,,,anime,
,1831,千葉 進歩,,,anime,
,1832,早水 リサ,,,anime,
,1833,くまい もとこ,,,anime,
,1834,中嶋 アキ,,,anime,
,1835,藤寺 美徳,,,anime,
,1836,平塚 紗依,,,anime,
,1837,日比 優理香,,,anime,
,1838,藤咲 淳一,,,anime,
,1839,山口 健太郎,,,anime,
,1840,遠山 えま,,,anime,
,1841,森井 ケンシロウ,,,anime,
,1842,森野 萌,,,anime,
,1843,牧野 友映,,,anime,
,1844,竹内 栄治,,,anime,
,1845,白熊 寛嗣,,,anime,
,1846,清水 はる香,,,anime,
,1847,阿部 智里,,,anime,
,1848,京極 義昭,,,anime,
,1849,山室 有紀子,,,anime,
,1850,高宮 彩織,,,anime,
,1851,日野 トミー,,,anime,
,1852,森 もり子,,,anime,
,1853,新海 岳人,,,anime,
,1854,鵜飼 浩史,,,anime,
,1855,夏川 椎菜,,,anime,
,1856,権平 ひつじ,,,anime,
,1857,李 豪凌,,,anime,
,1858,盆子原 康,,,anime,
,1859,陶山 章央,,,anime,
,1860,折笠 雄一,,,anime,
,1861,髙橋 幹子,,,anime,
,1862,はやし りか,,,anime,
,1863,青森 伸,,,anime,
,1864,有馬 瑞香,,,anime,
,1865,舞羽 美海,,,anime,
,1866,山内 健嗣,,,anime,
,1867,高野 憲太朗,,,anime,
,1868,関根 有咲,,,anime,
,1869,小橋 里美,,,anime,
,1870,かわさき 健,,,anime,
,1871,オ ジング,,,anime,
,1872,丹羽 哲士,,,anime,
,1873,金 正賢,,,anime,
,1874,乙川 将志,,,anime,
,1875,大野 敏哉,,,anime,
,1876,Yostar Pictures,,,anime,
,1877,納谷 悟朗,,,anime,
,1878,富山 敬,,,anime,
,1879,青野 武,,,anime,
,1880,麻上 洋子,,,anime,
,1881,仲村 秀生,,,anime,
,1882,野村 信次,,,anime,
,1883,山下 敬介,,,anime,
,1884,安原 義人,,,anime,
,1885,西崎 義展,,,anime,
,1886,松本 零士,,,anime,
,1887,藤川 桂介,,,anime,
,1888,田村 丸,,,anime,
,1889,天田 益男,,,anime,
,1890,安田 賢司,,,anime,
,1891,岡 秀樹,,,anime,
,1892,あfろ,,,anime,
,1893,天野 心愛,,,anime,
,1894,松田 利冴,,,anime,
,1895,登坂 晋,,,anime,
,1896,細田 健太,,,anime,
,1897,菅野 真衣,,,anime,
,1898,金斬 児狐 ,,,anime,
,1899,ヤマーダ,,,anime,
,1900,NAJI 柳田,,,anime,
,1901,イナガキ タカユキ,,,anime,
,1902,菱川 花菜,,,anime,
,1903,手島 史詞,,,anime,
,1904,COMTA,,,anime,
,1905,石踊 宏,,,anime,
,1906,支倉 凍砂,,,anime,
,1907,文倉 十,,,anime,
,1908,高橋 丈夫,,,anime,
,1909,荒川 稔久,,,anime,
,1910,高松 信司,,,anime,
,1911,春日森 春木,,,anime,
,1912,入江 玲於奈,,,anime,
,1913,濱 健人,,,anime,
,1914,泰 勇気,,,anime,
,1915,粕谷 雄太,,,anime,
,1916,末満 健一,,,anime,
,1917,小笠原 早紀,,,anime,
,1918,佐島 勤,,,anime,
,1919,石田 可奈,,,anime,
,1920,ジミー ストーン,,,anime,
,1921,中本 宗応,,,anime,
,1922,川村 海乃,,,anime,
,1923,葵 あずさ,,,anime,
,1924,石山 タカ明,,,anime,
,1925,北守 さいか,,,anime,
,1926,秋,,,anime,
,1927,しずま よしのり,,,anime,
,1928,田村 正文,,,anime,
,1929,いちかわ 壱,,,anime,
,1930,理名,,6,anime,
,1931,夕莉,,6,anime,
,1932,美怜,,6,anime,
,1933,凪都,,6,anime,
,1934,朱李,,6,anime,
,1935,中村 桜,,,anime,
,1936,森永 彩斗,,,anime,
,1937,露崎 亘,,,anime,
,1938,葉山 いずみ,,,anime,
,1939,丘邑 やち代,,,anime,
,1940,久保 洋祐,,,anime,
,1941,うもと ゆーじ,,,anime,
,1942,佐藤 舞,,,anime,
,1943,ぴっちょりーな,,,anime,
,1944,樋渡 昇一郎,,,anime,
,1945,ハシモト コーキ,,,anime,
,1946,堀越 耕平,,,anime,
,1947,長崎 健司,,,anime,
,1948,中山 奈緒美,,,anime,
,1949,matoba,,,anime,
,1950,大西 健太,,,anime,
,1951,河本 啓佑,,,anime,
,1952,松本 直也,,,anime,
,1953,宮 繁之,,,anime,
,1954,神谷 友美,,,anime,
,1955,藤村 歩,,,anime,
,1956,家弓 家正,,,anime,
,1957,矢島 正明,,,anime,
,1958,城 アラキ,,,anime,
,1959,長友 健篩,,,anime,
,1960,渡辺 正樹,,,anime,
,1961,今川 泰宏,,,anime,
,1962,江 南,,,anime,
,1963,王 昕,,,anime,
,1964,竹下 良平,,,anime,
,1965,JELEE,,,anime,
,1966,星 祐樹,,,anime,
,1967,風波 しのぎ,,,anime,
,1968,魔界の住民,,,anime,
,1969,ＫｅＧ,,,anime,
,1970,中津 環,,,anime,
,1971,比留間 俊哉,,,anime,
,1972,根本 優奈,,,anime,
,1973,竹嶋 えく,,,anime,
,1974,真野 玲,,,anime,
,1975,うえだ ゆうじ,,,anime,
,1976,吉村 那奈美,,,anime,
,1977,マックスウェル・パワーズ,,,anime,
,1978,池添 隆博,,,anime,
,1979,村井 雄治,,,anime,
,1980,渡辺 紘,,,anime,
,1981,石井 未紗,,,anime,
,1982,ユージン ソン,,,anime,
,1983,難波 圭一,,,anime,
,1984,未来人A,,,anime,
,1985,jimmy,,,anime,
,1986,加戸 誉夫,,,anime,
,1987,佳穂 成美,,,anime,
,1988,くじら,,,anime,
,1989,理不尽な孫の手,,,anime,
,1990,シロタカ,,,anime,
,1991,原田 彩楓,,,anime,
,1992,石飛 恵里花,,,anime,
,1993,山岸 大悟,,,anime,
,1994,柊 三太,,,anime,
,1995,春 男児,,,anime,
,1996,花杜 めい,,,anime,
,1997,香純 秋,,,anime,
,1998,志雄 子奨,,,anime,
,1999,結城 アオ,,,anime,
,2000,あきこんち,,,anime,
,2001,真野 美月,,,anime,
,2002,平坂 読,,,anime,
,2003,カントク,,,anime,
,2004,佐藤 まさふみ,,,anime,
,2005,松本 慶祐,,,anime,
,2006,末吉 太平,,,anime,
,2007,遠藤 純一,,,anime,
,2008,細音 啓,,,anime,
,2009,智瀬 といろ,,,anime,
,2010,白石 達也,,,anime,
,2011,水島 努,,,anime,
,2012,久遠 エリサ,,,anime,
,2013,柳田 淳一,,,anime,
,2014,古宮 九時,,,anime,
,2015,chibi,,,anime,
,2016,三浦 和也,,,anime,
,2017,内田 夕夜,,,anime,
,2018,ぬじま,,,anime,
,2019,望月 智充,,,anime,
,2020,西田 雅一,,,anime,
,2021,富樫 美鈴,,,anime,
,2022,野水 伊織,,,anime,
,2023,真田 アサミ,,,anime,
,2024,佐土原 かおり,,,anime,
,2025,味里,,,anime,
,2026,勝 杏里,,,anime,
,2027,橘 公司,,,anime,
,2028,つなこ,,,anime,
,2029,影山 灯,,,anime,
,2030,中川 淳,,,anime,
,2031,みかわ 絵子,,,anime,
,2032,中園 真登,,,anime,
,2033,櫻井 智,,,anime,
,2034,新挑 限,,,anime,
,2035,西田 正義,,,anime,
,2036,山口 太郎,,,anime,
,2037,藤本 タツキ,,,anime,
,2038,はまじ あき,,,anime,
,2039,吉田 恵里香,,,anime,
,2040,棚架 ユウ,,,anime,
,2041,中山 竜,,,anime,
,2042,大今 良時,,,anime,
,2043,樽戸 アキ,,,anime,
,2044,しょぼんぬ,,,anime,
,2045,姐川,,,anime,
,2046,ながはま のりひこ,,,anime,
,2047,向井 雅浩,,,anime,
,2048,高橋 秀弥,,,anime,
,2049,木村 奏大,,,anime,
,2050,青山 穣,,,anime,
,2051,福原 遥,,,anime,
,2052,新房 昭之,,,anime,
,2053,ジェーニャ,,,anime,
,2054,那多ここね,,,anime,
,2055,永瀬 さらさ,,,anime,
,2056,紫 真依,,,anime,
,2057,吉永 拓斗,,,anime,
,2058,金城 宗幸,,,anime,
,2059,渡邉 徹明,,,anime,
,2060,海渡 翼,,,anime,
,2061,斎藤 壮馬,,,anime,
,2062,中澤 まさとも,,,anime,
,2063,永野 たかひろ,,,anime,
,2064,吉澤 翠,,,anime,
,2065,ユウキHB,,,anime,
,2066,わたせ としひろ,,,anime,
,2067,大嶋 実句,,,anime,
,2068,柚原 みう,,,anime,
,2069,陽向葵 ゅか,,,anime,
,2070,風花 ましろ,,,anime,
,2071,相模 恋,,,anime,
,2072,雅仁,,,anime,
,2073,TNSK,,,anime,
,2074,斧 アツシ,,,anime,
,2075,相川 奈都姫,,,anime,
,2076,渡辺 航,,,anime,
,2077,鍋島 修,,,anime,
,2078,砂山 蔵澄,,,anime,
,2079,代永 翼,,,anime,
,2080,野田 サトル,,,anime,
,2081,千野 孝敏,,,anime,
,2082,竹本 英史,,,anime,
,2083,橿原 まどか,,,anime,
,2084,三浦 建太郎,,,anime,
,2085,佐野 雄太,,,anime,
,2086,岩永 洋昭,,,anime,
,2087,藤原 貴弘,,,anime,
,2088,松本 ヨシロウ,,,anime,
,2089,矢尾 一樹,,,anime,
,2090,ケンドーコバヤシ,,,anime,
,2091,IMAGO,,,anime,
,2092,米田 和弘,,,anime,
,2093,勝部 演之,,,anime,
,2094,宮崎 周平,,,anime,
,2095,大地 丙太郎,,,anime,
,2096,稲垣 好,,,anime,
,2097,松尾駿,,7,anime,
,2098,真倉 翔,,,anime,
,2099,ONE,,,anime,
,2100,立川 譲,,,anime,
,2101,蓮井 隆弘,,,anime,
,2102,伊藤 節生,,,anime,
,2103,星野 貴紀,,,anime,
,2104,佐武 宇綺,,,anime,
,2105,白川 紺子,,,anime,
,2106,大島 里美,,,anime,
,2107,立原 正輝,,,anime,
,2108,高田 伸治,,,anime,
,2109,cura,,,anime,
,2110,葛西 良信,,,anime,
,2111,水橋 かおり,,,anime,
,2112,檜山 大輔,,,anime,
,2113,辰美,,,anime,
,2114,佐々木 塁,,,anime,
,2115,二ノ宮 ゆい,,,anime,
,2116,上原 あかり,,,anime,
,2117,木下 鈴奈,,,anime,
,2118,ma2,,,anime,
,2119,migmi,,,anime,
,2120,野一 祐子,,,anime,
,2121,金井 康則,,,anime,
,2122,深山 鈴,,,anime,
,2123,茂村 モト,,,anime,
,2124,若井 友希,,,anime,
,2125,渡部 周,,,anime,
,2126,近藤 光,,,anime,
,2127,高野 水登,,,anime,
,2128,都志見 文太,,,anime,
,2129,日野 由利加,,,anime,
,2130,別所 誠人,,,anime,
,2131,田中 完,,,anime,
,2132,進藤 尚美,,,anime,
,2133,木村 新汰,,,anime,
,2134,宮嶋 星矢,,,anime,
,2135,望月 清一郎,,,anime,
,2136,田中貴子,,,anime,
,2137,春川 芽生,,,anime,
,2138,細江 純子,,,anime,
,2139,ふじわら,,,anime,
,2140,山中 真尋,,,anime,
,2141,大山 直助,,,anime,
,2142,菊池 幸利,,,anime,
,2143,長谷川 芳明,,,anime,
,2144,笹 翼,,,anime,
,2145,吉宗鋼紀（âge） / aNCHOR,,,anime,
,2146,西本 由紀夫,,,anime,
,2147,神木 孝⼀,,,anime,
,2148,楠⽊ ともり,,,anime,
,2149,はとりあゆむ,,,anime,
,2150,日野 晃博,,,anime,
,2151,髙橋 滋春,,,anime,
,2152,長野 拓造,,,anime,
,2153,大川 ぶくぶ,,,anime,
,2154,平野 綾,,,anime,
,2155,堀川 りょう,,,anime,
,2156,石丸 博也,,,anime,
,2157,莉犬,,,anime,
,2158,るぅと,,,anime,
,2159,さとみ,,,anime,
,2160,ころん,,,anime,
,2161,坪倉 由幸,,,anime,
,2162,藍原 ことみ,,,anime,
,2163,鈴森 ゆみ,,,anime,
,2164,山口 智広,,,anime,
,2165,佐藤 せつじ,,,anime,
,2166,田中 謙介,,,anime,
,2167,長嶝 高士,,,anime,
,2168,佐山 聖子,,,anime,
,2169,藤田 伸三,,,anime,
,2170,西 修,,,anime,
,2171,森脇 真琴,,,anime,
,2172,柿原 優子,,,anime,
,2173,池田 ゆき,,,anime,
,2174,小原 早織,,,anime,
,2175,ガース・ジェニングス,,,movie,監督
,2176,クリス・メレダンドリ,,,movie,スタッフ
,2177,ジャネット・ヒーリー,,,movie,スタッフ
,2178,マシュー・マコノヒー,,,movie,俳優
,2179,リース・ウィザースプーン,,,movie,俳優
,2180,セス・マクファーレン,,,movie,俳優
,2181,スカーレット・ヨハンソン,,,movie,俳優
,2182,ジョン・C・ライリー,,,movie,俳優
,2183,タロン・エガートン,,,movie,俳優
,2184,トリー・ケリー,,,movie,俳優
,2185,ニック・クロール,,,movie,俳優
,2186,タニベ ユミ,,,anime,
,2187,早坂 梢,,,anime,
,2188,宮川 若菜,,,anime,
,2189,小松 真奈,,,anime,
,2190,山田 悠希,,,anime,
,2191,大坪 由佳,,,anime,
,2192,米澤 穂信,,,anime,
,2193,神戸 守,,,anime,
,2194,松重 慎,,,anime,
,2195,いつき みずほ,,,anime,
,2196,金丸 祐基,,,anime,
,2197,こげどんぼ*,,,anime,
,2198,桜井 弘明,,,anime,
,2199,氷上 恭子,,,anime,
,2200,亀井 芳子,,,anime,
,2201,サエキ トモ,,,anime,
,2202,宮川 大河,,,anime,
,2203,大鈴 功起,,,anime,
,2204,髙橋 ミナミ,,,anime,
,2205,まめきちまめこ,,,anime,
,2206,中村 浩士,,,anime,
,2207,岡野 剛,,,anime,
,2208,小野 ハナ,,,anime,
,2209,斉藤 洋,,,anime,
,2210,イワタ ナオミ,,,anime,
,2211,EGG FIRM,,,anime,
,2212,矢立 きょう,,,anime,
,2213,清水 香梨子,,,anime,
,2214,堀 雅人,,,anime,
,2215,上田 敦夫,,,anime,
,2216,藤原 ここあ,,,anime,
,2217,大橋 明代,,,anime,
,2218,七斗 七,,,anime,
,2219,朝岡 卓矢,,,anime,
,2220,西片 康人,,,anime,
,2221,野田 宏,,,anime,
,2222,河合 滋樹,,,anime,
,2223,加藤 誠,,,anime,
,2224,赤尾 ひかる,,,anime,
,2225,春野 杏,,,anime,
,2226,海翔,,,anime,
,2227,小林 智樹,,,anime,
,2228,保住 有哉,,,anime,
,2229,辻森 梓咲,,,anime,
,2230,スイカ,,,anime,
,2231,佐々木 達也,,,anime,
,2232,古墳 ペンギン,,,anime,
,2233,桃山 いおん,,,anime,
,2234,ユカニュン,,,anime,
,2235,吉原 達矢,,,anime,
,2236,鈴木 れい子,,,anime,
,2237,海華,,,anime,
,2238,下本 ちひろ,,,anime,
,2239,川上 晃二,,,anime,
,2240,五十嵐 鳴,,,anime,
,2241,徳森 圭輔,,,anime,
,2242,白波 瀬沙椰,,,anime,
,2243,谷 始央理,,,anime,
,2244,花野 綺音,,,anime,
,2245,高畑 こと美,,,anime,
,2246,松林 慎司,,,anime,
,2247,山口 貴也,,,anime,
,2248,相沢 梨紗,,8,anime,
,2249,恋汐 りんご,,9,anime,
,2250,髙村 資本,,,anime,
,2251,後本 萌葉,,,anime,
,2252,雨森 たきび,,,anime,
,2253,北村 翔太郎,,,anime,
,2254,錦織 博,,,anime,
,2255,福 沙奈恵,,,anime,
,2256,燦々SUN,,,anime,
,2257,伊藤 良太,,,anime,
,2258,小林 涼,,,anime,
,2259,市川 太一,,,anime,
,2260,黒銘菓,,,anime,
,2261,古川 未来子,,,anime,
,2262,阪本 久瑠実,,,anime,
,2263,森谷 彩子,,,anime,
,2264,篠崎 芳,,,anime,
,2265,福田 道生,,,anime,
,2266,津久井 彩文,,,anime,
,2267,鍋敷,,,anime,
,2268,福山 大,,,anime,
,2269,山野井 仁,,,anime,
,2270,ミンソンア,,,anime,
,2271,江狐工作室,,,anime,
,2272,三河 ごーすと,,,anime,
,2273,上野 壮大,,,anime,
,2274,鈴木 愛唯,,,anime,
,2275,杉浦 次郎,,,anime,
,2276,双見 酔,,,anime,
,2277,山井 紗也香,,,anime,
,2278,橋本 悠,,,anime,
,2279,岡本 英樹,,,anime,
,2280,シネクドキ,,,anime,
,2281,所 俊克,,,anime,
,2282,橘田 いずみ,,,anime,
,2283,左藤 真通,,,anime,
,2284,えーでるわいす,,,anime,
,2285,吉原 正行,,,anime,
,2286,相馬紹二,,,anime,
,2287,伊藤 翔太郎,,,anime,
,2288,鳴海 崇志,,,anime,
,2289,矢野 龍太,,,anime,
,2290,久保田 ひかり,,,anime,
,2291,前田 聡馬,,,anime,
,2292,桃河 りか,,,anime,
,2293,小日向 みわ,,,anime,
,2294,各務 立基,,,anime,
,2295,甘岸 久弥,,,anime,
,2296,山口 由里子,,,anime,
,2297,成田 剣,,,anime,
,2298,おしおしお,,,anime,
,2299,太田 雅彦,,,anime,
,2300,あおしま たかし,,,anime,
,2301,田辺 留依,,,anime,
,2302,アンギャマン,,,anime,
,2303,清水 久敏,,,anime,
,2304,久保 亨,,,anime,
,2305,村瀬 迪与,,,anime,
,2306,折原 くるみ,,,anime,
,2307,水無月 静琉,,,anime,
,2308,ジェンコ,,,anime,
,2309,じゃのめ,,,anime,
,2310,斉藤 ゆう,,,anime,
,2311,菊池 聡延,,,anime,
,2312,鳴海 まい,,,anime,
,2313,阿保 まりあ,,,anime,
,2314,田中 芳樹,,,anime,
,2315,中川 梨花,,,anime,
,2316,SIU,,,anime,
,2317,鈴木 慧,,,anime,
,2318,宮本 武史,,,anime,
,2319,白石 兼斗,,,anime,
,2320,入江 直樹,,,anime,
,2321,永井 豪,,,anime,
,2322,久藤 瞬,,,anime,
,2323,長田 絵里,,,anime,
,2324,長月 達平,,,anime,
,2325,梅原 英司,,,anime,
,2326,山口 令悟,,,anime,
,2327,岸馬 きらく,,,anime,
,2328,片貝 慎,,,anime,
,2329,長岡 龍歩,,,anime,
,2330,住永 侑太,,,anime,
,2331,動画投稿少女,,,anime,
,2332,本間 修,,,anime,
,2333,伊藤 ゆいな,,,anime,
,2334,ぽむ,,,anime,
,2335,ゆでたまご,,,anime,
,2336,さとう 陽,,,anime,
,2337,モリ・マサ,,,anime,
,2338,北野 克哉,,,anime,
,2339,紙谷 零,,,anime,
,2340,大倉 空人,,,anime,
,2341,松井 優征,,,anime,
,2342,山﨑 雄太,,,anime,
,2343,羽田 遼亮,,,anime,
,2344,アナジロ,,,anime,
,2345,村上 まなつ,,,anime,
,2346,内村 光良,,10,movie,俳優
,2347,長澤 まさみ,,,movie,俳優
,2348,大橋 卓弥,,11,movie,俳優
,2349,MISIA,,,movie,俳優
,2350,宮藤 官九郎,,,drama,スタッフ
,2351,磯山 晶,,,drama,スタッフ
,2352,天宮 沙恵子,,,drama,スタッフ
,2353,阿部 サダヲ,,,drama,俳優
,2354,仲 里依紗,,,drama,俳優
,2355,磯村 勇斗,,,drama,俳優
,2356,河合 優実,,,drama,俳優
,2357,坂元 愛登,,,drama,俳優
,2358,三宅 弘城,,,drama,俳優
,2359,宇田 鋼之介,,,anime,
,2360,佐久間 レイ,,,anime,
,2361,まえだくん,,,anime,
,2362,清水 理沙,,,anime,
,2363,沢野 いずみ,,,anime,
,2364,田頭 しのぶ,,,anime,
,2365,緑川 ゆき,,,anime,
,2366,魚豊,,,anime,
,2367,清水 健一,,,anime,
,2368,サンドロビッチ・ヤバ子,,,anime,
,2369,だろめおん,,,anime,
,2370,金子 隼人,,,anime,
,2371,蓮池 龍三,,,anime,
,2372,保志 総一朗,,,anime,
,2373,篠原 正寛,,,anime,
,2374,許斐 剛,,,anime,
,2375,徳本 善信,,,anime,
,2376,蒼星 きまま,,,anime,
,2377,浅野 景利,,,anime,
,2378,日菜,,,anime,
,2379,龍 幸伸,,,anime,
,2380,山代 風我,,,anime,
,2381,時雨沢 恵一,,,anime,
,2382,岩田 健志,,,anime,
,2383,加藤 陽一,,,anime,
,2384,松本 しげのぶ,,,anime,
,2385,金林 洋,,,anime,
,2386,福島 利規,,,anime,
,2387,仁見 紗綾,,,anime,
,2388,村田 光,,,anime,
,2389,ゆきの さつき,,,anime,
,2390,樫井 笙人,,,anime,
,2391,井之川 慎太郎,,,anime,
,2392,三上 瑛士,,,anime,
,2393,三上 瑛士,,,anime,
,2394,村越 繁,,,anime,
,2395,伊達さゆり,,,anime,
,2396,Liyuu,,,anime,
,2397,岬 なこ,,,anime,
,2398,ペイトン 尚未,,,anime,
,2399,青山 なぎさ,,,anime,
,2400,鈴原 希実,,,anime,
,2401,薮島 朱音,,,anime,
,2402,大熊 和奏,,,anime,
,2403,絵森 彩,,,anime,
,2404,結那,,,anime,
,2405,坂倉 花,,,anime,
,2406,伊藤 秀樹,,,anime,
,2407,堀江 一眞,,,anime,
,2408,菅沼 久義,,,anime,
,2409,伊藤 栄次,,,anime,
,2410,西田 理英,,,anime,
,2411,相葉 雅紀,,12,anime,
,2412,鳥山 明,,,anime,
,2413,八島 善孝,,,anime,
,2414,駒田 由貴,,,anime,
,2415,五示 正司,,,anime,
,2416,鹿住 朗生,,,anime,
,2417,阿部 里果,,,anime,
,2418,髙橋 麻里,,,anime,
,2419,直田 姫奈,,,anime,
,2420,岩橋 由佳,,,anime,
,2421,汐入 あすか,,,anime,
,2422,寺田 晴名,,,anime,
,2423,蒼川 なな,,,anime,
,2424,内藤 マーシー,,,anime,
,2425,大木戸 いずみ,,,anime,
,2426,向井 悠樹,,,anime,
,2427,槻影,,,anime,
,2428,関 幸司,,,anime,
,2429,佐和田 米,,,anime,
,2430,小竹 歩,,,anime,
,2431,沢城 千春,,,anime,
,2432,野口 衣織,,,anime,
,2433,三浦 糀,,,anime,
,2434,矢野 雄一郎,,,anime,
,2435,上村 泰,,,anime,
,2436,鈴木 智尋,,,anime,
,2437,菅原 正志,,,anime,
,2438,池上 遼一,,,anime,
,2439,田中 有紀,,,anime,
,2440,安田 陸矢,,,anime,
,2441,オカモト,,,anime,
,2442,天月,,,anime,
,2443,小柳 良寛,,,anime,
,2444,岩田 雪花,,,anime,
,2445,青木 裕,,,anime,
,2446,平岡 正浩,,,anime,
,2447,永井 真吾,,,anime,
,2448,荒川 弘,,,anime,
,2449,澤田 裕太郎,,,anime,
,2450,赤坂 優月,,,anime,
,2451,金杉 弘子,,,anime,
,2452,林 幸矢,,,anime,
,2453,杜野 まこ,,,anime,
,2454,志名坂 高次,,,anime,
,2455,神埼 黒音,,,anime,
,2456,身ノ丈 あまる,,,anime,
,2457,橘 美來,,,anime,
,2458,しょたん,,,anime,
,2459,渡辺 歩,,,anime,
,2460,熊谷 俊輝,,,anime,
,2461,飯田 ヒカル,,,anime,
,2462,影茸,,,anime,
,2463,鳴海 みわ,,,anime,
,2464,大西 景介,,,anime,
,2465,橋本 鞠衣,,,anime,
,2466,島 順太,,,anime,
,2467,山川 進,,,anime,
,2468,後藤 沙緒里,,,anime,
,2469,村田 椰融,,,anime,
,2470,平林 佐和子,,,anime,
,2471,野村 麻衣子,,,anime,
,2472,岡﨑 加奈,,,anime,
,2473,小島 幸子,,,anime,
,2474,小西 明日翔,,,anime,
,2475,川瀬 敏文,,,anime,
,2476,たかすぎ 梨香,,,anime,
,2477,下崎 紘史,,,anime,
,2478,やじま,,,anime,
,2479,りお,,,anime,
,2480,川越 崇弘,,,anime,
,2481,亀岡 孝洋,,,anime,
,2482,田中 まい,,,anime,
,2483,高野 洸,,,anime,
,2484,綾坂 晴名,,,anime,
,2485,光富 崇雄,,,anime,
,2486,日向 朔公,,,anime,
,2487,鈴木 健太郎,,,anime,
,2488,リカチ,,,anime,
,2489,冨沢 竜也,,,anime,
,2490,永島 ひろあき,,,anime,
,2491,西田 健一,,,anime,
,2492,松永 あかね,,,anime,
,2493,天海 由梨奈,,,anime,
,2494,紫 大悟,,,anime,
,2495,安藤 良,,,anime,
,2496,百瀬 祐一郎,,,anime,
,2497,筆安 一幸,,,anime,
,2498,白米 良,,,anime,
,2499,佐藤 勝一,,,anime,
,2500,エラスマス・ブロスダウ,,,anime,
,2501,彌富 健一,,,anime,
,2502,ギャビン・ハイナイト,,,anime,
,2503,安田 剛士,,,anime,
,2504,北山 結莉,,,anime,
,2505,久保 博志,,,anime,
,2506,広田 光毅,,,anime,
,2507,荻野 晴朗,,,anime,
,2508,じゃき,,,anime,
,2509,高村 雄太,,,anime,
,2510,大桃 陽介,,,anime,
,2511,田島 章寛,,,anime,
,2512,高山 しのぶ,,,anime,
,2513,村井 雄,,,anime,
,2514,クーリア,,,anime,
,2515,吉月 生,,,anime,
,2516,デヴィッド・ハートマン,,,anime,
,2517,ヘイリー・アトウェル,,,anime,
,2518,アレン・マルドナード,,,anime,
,2519,アール・バイロン,,,anime,
,2520,エリック・キャラスコ,,,anime,
,2521,細田 雅弘,,,anime,
,2522,村山 功,,,anime,
,2523,福井 洋平,,,anime,
,2524,鈴木 祐斗,,,anime,
,2525,小島 正幸,,,anime,
,2526,羽柴 実里,,,anime,
,2527,板垣 巴留,,,anime,
,2528,松見 真一,,,anime,
,2529,樋口 七海,,,anime,
,2530,知念 実希人,,,anime,
,2531,杉澤 悟,,,anime,
,2532,茨木野,,,anime,
,2533,上山 道郎,,,anime,
,2534,​​​竹内 哲也,,,anime,
,2535,奥嶋 ひろまさ,,,anime,
,2536,龍輪 直征,,,anime,
,2537,永野 由祐,,,anime,
,2538,仲村 水希,,,anime,
,2539,キュルZ,,,anime,
,2540,むっしゅ,,,anime,
,2541,宇和野 歩,,,anime,
,2542,石倉 賢一,,,anime,
,2543,つるま いかだ,,,anime,
,2544,⼭本 靖貴,,,anime,
,2545,花⽥ ⼗輝,,,anime,
,2546,戸田 めぐみ,,,anime,
,2547,三宅 貴大,,,anime,
,2548,空 えぐみ,,,anime,
,2549,小桜 エツコ,,,anime,
,2550,村田 真優,,,anime,
,2551,珪素,,,anime,
,2552,小川 優樹,,,anime,
,2553,鈴木 信吾,,,anime,
,2554,桜木 つぐみ,,,anime,
,2555,天乃 聖樹,,,anime,
,2556,大嶋 博之,,,anime,
,2557,榎本 あかまる,,,anime,
,2558,武市 直子,,,anime,
,2559,右薙 光介,,,anime,
,2560,伊南 羽桜,,,anime,
,2561,満井 春香,,,anime,
,2562,成尾 渚,,,anime,
,2563,浦和 希,,,anime,
,2564,吉高 志音,,,anime,
,2565,猪股 慧士,,,anime,
,2566,小狐丸,,,anime,
,2567,土師 亜文,,,anime,
,2568,かまくら ゆみ,,,anime,
,2569,梅澤 めぐ,,,anime,
,2570,香坂 マト,,,anime,
,2571,長澤 剛,,,anime,
,2572,小龍,,,anime,
,2573,八木 戸マト,,,anime,
,2574,中吉 虎吉,,,anime,
,2575,井藤 智哉,,,anime,
,2576,塩野 干支郎次,,,anime,
,2577,ベノマ 玲,,,anime,
,2578,紅水 康介,,,anime,
,2579,長野佑紀,,,anime,
,2580,笹本 菜津枝,,,anime,
,2581,コトバ ノリアキ,,,anime,
,2582,大久保 篤,,,anime,
,2583,上條 沙恵子,,,anime,
,2584,篠原 健太,,,anime,
,2585,佐賀崎 しげる,,,anime,
,2586,鍋島 テツヒロ,,,anime,
,2587,斉藤 健吾,,,anime,
,2588,佐藤裕,,,anime,
,2589,後藤 彩佐,,,anime,
,2590,寺嶋 裕二,,,anime,
,2591,増原 光幸,,,anime,
,2592,岩原 裕二,,,anime,
,2593,田口 清隆,,,anime,
,2594,中島 直人,,,anime,
,2595,岩井 映美里,,,anime,
,2596,一宮 朔,,,anime,
,2597,小山 さほみ,,,anime,
,2598,高本 めぐみ,,,anime,
,2599,鈴木 このみ,,,anime,
,2600,浜田 洋平,,,anime,
,2601,森田 季節,,,anime,
,2602,杉島 邦久,,,anime,
,2603,花譜,,,anime,
,2604,理芽,,,anime,
,2605,春猿火,,,anime,
,2606,ヰ世界 情緒,,,anime,
,2607,幸祜,,,anime,
,2608,志水アキ,,,anime,
,2609,熊野 千尋,,,anime,
,2610,岡 篤志,,,anime,
,2611,五十嵐 正邦,,,anime,
,2612,ベニガシラ,,,anime,
,2613,村光,,,anime,
,2614,蛭田 直美,,,anime,
,2615,漆原 侑来,,,anime,
,2616,有田 イマリ,,,anime,
,2617,南原 玖宇,,,anime,
,2618,那谷 柊優,,,anime,
,2619,真木 駿一,,,anime,
,2620, 原 良丞,,,anime,
,2621,上田 晋也,,13,variety,
,2622,有田 哲平,,13,variety,
,2623,名倉 潤,,14,variety,
,2624,原田 泰造,,14,variety,
,2625,堀内 健,,14,variety,
,2626,徳井 義実,,15,variety,
,2627,福田 充徳,,15,variety,
,2628,"Kōki,",,,variety,
,2629,渡邊 圭祐,,,variety,
,2630,綱 啓永,,,variety,
,2631,宮崎 慶洋,,,variety,
,2632,矢野 尚子,,,variety,
,2633,上利 竜太,,,variety,
,2634,井上 尚弥,,,sports,
,2635,スティーブン・フルトン,,,sports,
,2636,筆坂 明規,,,anime,
,2637,千葉 美鈴,,,anime,
,2638,渡辺 信一郎,,,anime,
,2639,佐藤 大,,,anime,
,2640,小沢 高広,,13,anime,
,2641,鏑木 カヅキ,,,anime,
,2642,宮瀬 尚也,,,anime,
,2643,宮本 充,,,anime,
,2644,金城 大和,,,anime,
,2645,春泥,,,anime,
,2646,梅木 葵,,,anime,
,2647,愛敬 亮太,,,anime,
,2648,ひらかわ あや,,,anime,
,2649,松林 唯人,,,anime,
,2650,鳳 ナナ,,,anime,
,2651,坂本 一也,,,anime,
,2652,HYBE,,,anime,
,2653,三香見 サカ,,,anime,
,2654,Turtle Me,,,anime,
,2655,銀翼 のぞみ,,,anime,
,2656,平川 哲生,,,anime,
,2657,大渕 野々花,,,anime,
,2658,師走 ゆき,,,anime,
,2659,永岡 智佳,,,anime,
,2660,春日 さくら,,,anime,
,2661,咲川 ひなの,,,anime,
,2662,本村 玲奈,,,anime,
,2663,三波 春香,,,anime,
,2664,百瀬 帆南,,,anime,
,2665,まきしま 鈴木,,,anime,
,2666,喜多幡 徹,,,anime,
,2667,吉永 亜矢,,,anime,
,2668,藤崎 竜太,,,,
,2669,,,,,
,2670,村山 公輔,,,,
,2671,,,,,
,2672,山川 竜一郎,,,,
,2673,渡辺 明夫,,,,
,2674,根本 繁樹,,,,
,2675,西村 潤,,,,
,2676,,,,,
,2677,羽根 広舟,,,,
,2678,米澤 寿,,,,
,2679,,,,,
,2680,,,,,
,2681,ヤッペン,,,,
,2682,,,,,
,2683,,,,,
,2684,,,,,
,2685,,,,,
,2686,井澤 美香子,,,,
,2687,,,,,
,2688,長妻 樹里,,,,
,2689,,,,,
,2690,,,,,
,2691,友永 朱音,,,,
,2692,編乃肌,,,,
,2693,千佐希,,,,
,2694,,,,,
,2695,古屋 雄作,,,,
,2696,横山 公典,,,,
,2697,柳橋 弘紀,,,,
,2698,井筒 大輔,,,,
,2699,望月 英,,,,
,2700,芦原 光,,,,
,2701,稲村 透,,,,
,2702,しんば なつえ,,,,
,2703,田村 結衣,,,,
,2704,菱川 さかく,,,,
,2705,吉崎 譲,,,,
,2706,和⼭ やま,,,,
,2707,中⾕ 亜沙美,,,,
,2708,世界,,15,,
,2709,田村 真佑,,16,,
,2710,朝倉 一二三,,,,
,2711,うみハル,,,,
,2712,夕澄 慶英!,,,,
,2713,江口 夏実,,,,
,2714,弘松 涼,,,,
,2715,ほしのこ,,17,,
,2716,大代 キヌ太,,,,
,2717,中 弘子,,,,
,2718,川栄 李奈,,,,
,2719,中島 颯太,,,,
,2720,石井 友博,,,,
,2721,みかみてれん,,,,
,2722,巻野 椿,,,,
,2723,うめざわ しゅん,,,,
,2724,津田 尚克,,,,
,2725,名取 孝浩,,,,
,2726,ハンバーガー,,,,
,2727,畠中 恵,,,,
,2728,大川 貴大,,,,
,2729,水月 穹,,,,
,2730,椋野 わさび,,,,
,2731,モクモクれん,,,,
,2732,三田 誠,,,,
,2733,時野 洋輔,,,,
,2734,ゾウノセ,,,,
,2735,石井 久志,,,,
,2736,三嶋 与夢,,,,
,2737,上坪 亮樹,,,,
,2738,中恵 光城,,,,
,2739,友麻 碧,,,,
,2740,Laruha,,,,
,2741,坂,,,,
,2742,榊󠄀原 良子,,,,
,2743,空知 英秋,,,,
,2744,大崎 知仁,,,,
,2745,東田 夏実,,,,
,2746,高橋 美佳子,,,,
,2747,若本 規夫,,,,
,2748,杉本 ゆう,,,,
,2749,福田 宏,,,,
,2750,安原 宏和,,,,
,2751,ホークマン,,,,
,2752,メカルーツ,,,,
,2753,三池 崇史,,,,
,2754,石塚 運昇,,,,
,2755,手塚 秀彰,,,,
,2756,深瀬 重,,,,
,2757,有栖 洸一,,,,
,2758,甲木 順之助,,,,
,2759,あさみ ほとり,,,,
,2760,つむぎ ゆきの,,,,
,2761,堀場 美希,,,,
,2762,岡本 理絵,,,,
,2763,朱珂,,,,
,2764,宮成 遊太,,,,
,2765,赤木 竜士,,,,
,2766,吉居 誠実,,,,
,2767,桜川 井,,,,
,2768,石田 秀子,,,,
,2769,小野子,,,,
,2770,宮池 亜美,,,,
,2771,芳尾 英明,,,,
,2772,下田 正美,,,,
,2773,工藤 有為子,,,,
,2774,福嶋 幸典,,,,
,2775,浦和 めぐみ,,,,
,2776,高塚 正也,,,,
,2777,村田 雄介,,,,
,2778,夏目 真悟,,,,
,2779,櫻井 親良,,,,
,2780,徳田 賢朗,,,,
,2781,白土 夏海,,,,
,2782,井上 美緒,,,,
,2783,樋口 橘,,,,
,2784,成家 慎一郎,,,,
,2785,大森 貴弘,,,,
,2786,横山 朱子,,,,
,2787,三宅 将典,,,,
,2788,市川 育秀,,,,
,2789,小田原 明子,,,,
,2790,村松 紗也子,,,,
,2791,京谷 知美,,,,
,2792,佐々木 礼子,,,,
,2793,菅原 弘文,,,,
,2794,矢崎 史,,,,
,2795,佐藤 一哉,,,,
,2796,深田 祐輔,,,,
,2797,ヴィーラパトラ・ジナナヴィン,,,,
,2798,ソーンペレス・サブサームスリ,,,,
,2799,クンチャノック・ミーシルパ,,,,
,2800,熊谷 海麗,,,,
,2801,下妻 由幸,,,,
,2802,大石 ロミー,,,,
,2803,松琴 エア,,,,
,2804,はにゅう,,,,
,2805,佐々木 俊介,,,,
,2806,平野 直子,,,,
,2807,藤井 華,,,,
,2808,土屋 星子,,,,
,2809,加藤 香,,,,
,2810,戸田 亜美,,,,
,2811,山田 栄次,,,,
,2812,遠 瞳,,,,
,2813,顧 麟龍,,,,
,2814,張 聖晏,,,,
,2815,渡邊 政治,,,,
,2816,七菜 なな,,,,
,2817,神崎 柚,,,,
,2818,渡部 高志,,,,
,2819,五日 天峰,,,,
,2820,烏丸 そら,,,,
,2821,砂糖 真白,,,,
,2822,豊田 百香,,,,
,2823,斉藤 明日美,,,,
,2824,蜜蜂 ほのか,,,,
,2825,るるてあ,,,,
,2826,そろ谷,,,,
,2827,ヤング・ヘラー,,,,
,2828,アリシア・チャン,,,,
,2829,スタンリー・フォン・メドヴェイ,,,,
,2830,ブランドン・アウマン,,,,
,2831,ユージン・サン,,,,
,2832,クリス・プリノスキ,,,,
,2833,シャノン・プリノスキ,,,,
,2834,ベン・カリーナ,,,,
,2835,トニー・サラマ,,,,
,2836,ジェニファー・ムーロ,,,,
,2837,ローラ・ベイリー,,,,
,2838,タリセン・ジャフィー,,,,
,2839,アシュレイ・ジョンソン,,,,
,2840,マシュー・マーサー,,,,
,2841,リアム・オブライエン,,,,
,2842,マリーシャ・レイ,,,,
,2843,サム・リーゲル,,,,
,2844,トラヴィス・ウィリンガム,,,,
,2845,ユージン・リー,,,,
,2846,カレン・クオ,,,,
,2847,ジョー・ブラム,,,,
,2848,鳥越 まあや,,,,
,2849,ヘンリー 平川,,,,
,2850,三澤 幸三,,,,
,2851,平塚 仁美,,,,
,2852,中田 博也,,,,
,2853,出久根 かすみ,,,,
,2854,ニック・ロドリゲス,,,,
,2855,ポール＝ミケル・ウィリアムズ,,,,
,2856,シーン・ギアンブローン,,,,
,2857,カウザー・モハメド,,,,
,2858,キルステン・ケリー,,,,
,2859,レイニ・ロドリゲス,,,,
,2860,ダレン・バーネット,,,,
,2861,星 彼方,,,,
,2862,椎名 軽穂,,,,
,2863,鏑木 ひろ,,,,
,2864,佐野 聡彦,,,,
,2865,松澤 建一,,,,
,2866,金春 智子,,,,
,2867,末柄 里恵,,,,
,2868,佐野 隆史,,,,
,2869,植月 幹夫,,,,
,2870,遠藤 里紗,,,,
,2871,内藤 圭祐,,,,
,2872,鳳 芳野,,,,
,2873,桜井 敏治,,,,
,2874,織田 圭祐,,,,
,2875,木村 雅史,,,,
,2876,鈴木 裕斗,,,,
,2877,河森 正治,,,,
,2878,糸曽 賢志,,,,
,2879,湧津 ユウミ,,,,
,2880,川端 しおり,,,,
,2881,大野木 寛,,,,
,2882,佐藤 裕美,,,,
,2883,日笠山 亜美,,,,
,2884,玉川 紗己子,,,,
,2885,兵藤 まこ,,,,
,2886,山本 裕介,,,,
,2887,岡田 麿里,,,,
,2888,中島 愛,,,,
,2889,佐藤 健輔,,,,
,2890,熊谷 純,,,,
,2891,淺井 孝行,,,,
,2892,安達 勇人,,,,
,2893,中野 さいま,,,,
,2894,松本 忍,,,,
,2895,松井 茜,,,,
,2896,徳本 恭敏,,,,
,2897,土屋 理敬,,,,
,2898,谷口 悟朗,,,,
,2899,横嶋 俊久,,,,
,2900,諸冨 洋史,,,,
,2901,河口 佳高,,,,
,2902,峯岸 卓生,,,,
,2903,湯川 淳,,,,
,2904,千葉 紗子,,,,
,2905,白鳥 哲,,,,
,2906,田中 一成,,,,
,2907,大橋 誉志光,,,,
,2908,コンラッド・ヴァーノン,,,,
,2909,グレッグ・ティアナン,,,,
,2910,セス・ローゲン,,,,
,2911,エヴァン・ゴールドバーグ,,,,
,2912,クリステン・ウィグ,,,,
,2913,ジョナ・ヒル,,,,
,2914,ビル・ヘイダー,,,,
,2915,マイケル・セラ,,,,
,2916,ジェームズ・フランコ,,,,
,2917,ダニー・マクブライド,,,,
,2918,クレイグ・ロビンソン,,,,
,2919,ポール・ラッド,,,,
,2920,デヴィッド・クラムホルツ,,,,
,2921,エドワード・ノートン,,,,
,2922,サルマ・ハエック,,,,
,2923,スコット・アンダーウッド,,,,
,2924,アンダーズ・ホーム,,,,
,2925,ステファニー・ビアード,,,,
,2926,グレイ・デリスル,,,,
,2927,サム・リチャードソン,,,,
,2928,ウィル・フォーテ,,,,
,2929,ジェームズ・アドミアン,,,,
,2930,Jennifer Kim,,,,
,2931,メーガン・エリソン,,,,
,2932,パトリック・チュー,,,,
,2933,カイル・ハンター,,,,
,2934,アリエル・シャッファー,,,,
,2935,アンドリュー・ミルスタイン,,,,
,2936,ジェームズ・ウィーバー,,,,
,2937,アラン・バーネット,,,,
,2938,エリック・ラドムスキ,,,,
,2939,ブルース・ティム,,,,
,2940,ケヴィン・コンロイ,,,,
,2941,ローレン・レスター,,,,
,2942,クライヴ・レヴィル,,,,
,2943,メリッサ・ギルバート,,,,
,2944,ダイアナ・マルドア,,,,
,2945,ブロック・ピーターズ,,,,
,2946,クリストファー・ベーカリー,,,,
,2947,マット・ピーターズ,,,,
,2948,クリスティーナ・ソッタ,,,,
,2949,サム・レジスター,,,,
,2950,Ｊ・Ｊ・エイブラムス,,,,
,2951,マット・リーヴス,,,,
,2952,エド・ブルベイカー,,,,
,2953,ジェームス・タッカー,,,,
,2954,ダニエル・ピプスキ,,,,
,2955,レイチェル・ラッシュ・リッチ,,,,
,2956,ジョン・アグバジェ,,,,
,2957,ハミッシュ・リンクレイター,,,,
,2958,ジェイソン・ワトキンス,,,,
,2959,エリック・モーガン・スチュアート,,,,
,2960,クリスタル・ジョイ・ブラウン,,,,
,2961,ディードリック・ベーダー,,,,
,2962,ジェイミー・チャン,,,,
,2963,エディ・ローザス,,,,
,2964,トレイシー・ホンダ,,,,
,2965,スコット・バーン,,,,
,2966,マギー・ゴットリーブ,,,,
,2967,シエラ・カトウ,,,,
,2968,トム・エリス,,,,
,2969,スージー・ナカムラ,,,,
,2970,アリー・マキ,,,,
,2971,マーク・プロクシュ,,,,
,2972,サシェア・ザマタ,,,,
,2973,ケニー・イェーツ,,,,
,2974,デイビット・グボーリー,,,,
,2975,こなみ かなた,,,,
,2976,草野 公紀,,,,
,2977,長沢 美樹,,,,
,2978,国仲 奏絵,,,,
,2979,石橋 桃,,,,
,2980,竹田 海渡,,,,
,2981,杉山 優斗,,,,
,2982,草野 太一,,,,
,2983,山崎 真花,,,,
,2984,天希 かのん,,,,
,2985,宇野 翔真,,,,
,2986,川口 桜,,,,
,2987,作田 ハズム,,,,
,2988,ジャニーン・メイソン,,,,
,2989,テリー・ハッチャー,,,,
,2990,ブラッド・ギャレット,,,,
,2991,ゲイリー・アンソニー・ウィリアムズ,,,,
,2992,D・C・ダグラス,,,,
,2993,アラン・テュディック,,,,
,2994,アンドリュー・L・シュミット,,,,
,2995,ピーター・アヴァンツィーノ,,,,
,2996,ブレット・ハーランド,,,,
,2997,マット・グローニング,,,,
,2998,デヴィッド・Ｘ・コーエン,,,,
,2999,ビリー・ウェスト,,,,
,3000,ケイティ・セイガル,,,,
,3001,ジョン・ディマジオ,,,,
,3002,フィル・ラマール,,,,
,3003,ローレン・トム,,,,
,3004,トレス・マクニール,,,,
,3005,モーリス・ラマルシュ,,,,
,3006,デヴィッド・ハーマン,,,,
,3007,フランク・ウェルカー,,,,
,3008,大友 龍三郎,,,,
,3009,Abel Gongora,,,,
,3010,関根 アユミ,,,,
,3011,槌田,,,,
,3012,澄子,,,,
,3013,テリー・マクグリン,,,,
,3014,エティエンヌ・ケリシ,,,,
,3015,ロブ・ティンクラー,,,,
,3016,イザベラ・レオ,,,,
,3017,ハティ・クラグテン,,,,
,3018,モリー・ルイス,,,,
,3019,レクシー・ペリー,,,,
,3020,キャッシュ・マーティン,,,,
,3021,ケイレブ・ベラバンス,,,,
,3022,ワイアット・ホワイト,,,,
,3023,ロブ・ブティリエ,,,,
,3024,スコット・モンゴメリー,,,,
,3025,アーロン・イヴス,,,,
,3026,小倉 宏文,,,,
,3027,斎藤 俊輔,,,,
,3028,ジャック・デ・セナ,,,,
,3029,サーシャ・ロジェン,,,,
,3030,ジェイソン・シンプソン,,,,
,3031,ラクエル・ベルモンテ,,,,
,3032,ジェシー・イノカリャ,,,,
,3033,エリック・トッド・デラムス,,,,
,3034,ポーラ・バロウズ,,,,
,3035,オマリ・ニュートン,,,,
,3036,ジョナサン・ホームズ,,,,
,3037,Villads Spangsberg,,,,
,3038,アーロン・イハス,,,,
,3039,ジャスティン・リッチモンド,,,,
,3040,リナ・アナクウェ,,,,
,3041,ヴィンセント・トン,,,,
,3042,吉田 りさこ,,,,
,3043,森 夕,,,,
,3044,西 明日香,,,,
,3045,木戸 衣吹,,,,
,3046,永井 真⾥⼦,,,,
,3047,ふじ たまみ,,,,
,3048,ジャマール・エイブリー・ジュニア,,,,
,3049,ジュリエット・ドネンフェルド,,,,
,3050,ディー・ブラッドリー・ベイカー,,,,
,3051,エマ・バーマン,,,,
,3052,ジョナサン・リポフ,,,,
,3053,ピョートル・マイケル,,,,
,3054,エリオット・バー,,,,
,3055,岡本 麻李,,,,
,3056,本郷 里実,,,,
,3057,山口 明穂,,,,
,3058,チョン・ジファン,,,,
,3059,コ・ヒョナ,,,,
,3060,藏合 紗恵子,,,,
,3061,安藤 真裕,,,,
,3062,藤子・F・不二雄,,,,
,3063,若山 晃久,,,,
,3064,古橋 秀之,,,,
,3065,別天 荒人,,,,
,3066,鈴木 健一,,,,
,3067,賀来 ゆうじ,,,,
,3068,牧田 佳織,,,,
,3069,小笠原 亜里沙,,,,
,3070,中村 たかし,,,,
,3071,小松 由佳,,,,
,3072,今石 洋之,,,,
,3073,とびらの ,,,,
,3074,仲倉 千景,,,,
,3075,北川 隆之,,,,
,3076,月城 日花,,,,
,3077,石坂 ケンタ,,,,
,3078,板井 寛樹,,,,
,3079,鷄冠井 美智子,,,,
,3080,後藤 光祐,,,,
,3081,森谷 里美,,,,
,3082,岡林 史泰,,,,
,3083,伊沢 磨紀,,,,
,3084,夢枕 獏,,,,
,3085,碇谷 敦,,,,
,3086,ダイアナ・リー・イノサント,,,,
,3087,メレディス・サレンジャー,,,,
,3088,リア・キルステッド,,,,
,3089,ウィン・T・チャオ,,,,
,3090,ラース・ミケルセン,,,,
,3091,ジェイソン・アイザックス,,,,
,3092,マシュー・ウッド,,,,
,3093,デイヴ・フィローニ,,,,
,3094,赤松 康裕,,,,
,3095,橋口 淳一郎,,,,
,3096,レイ・チェイス,,,,
,3097,ジェニファー・ヘイル,,,,
,3098,アリソン・シーリー＝スミス,,,,
,3099,キャル・ドッド,,,,
,3100,ＪＰ・カーリアック,,,,
,3101,レノーア・ザン,,,,
,3102,ジョージ・ブザ,,,,
,3103,Ａ・Ｊ・ロカシオ,,,,
,3104,ホリー・チョウ,,,,
,3105,アイザック・ロビンソン＝スミス,,,,
,3106,マシュー・ウォーターソン,,,,
,3107,ロス・マーカンド,,,,
,3108,エリック・バウザ,,,,
,3109,モルラ・ゴロンドーナ,,,,
,3110,ギル・バーミンガム,,,,
,3111,ジェイク・カストリーナ,,,,
,3112,Chase Conley,,,,
,3113,ボー・デマヨ,,,,
,3114,デレク・フィリップス,,,,
,3115,ジェイソン・オマラ,,,,
,3116,クローディア・クリスチャン,,,,
,3117,メイミー・ガマー,,,,
,3118,ジェシカ・ヘンウィック,,,,
,3119,エリアス・トゥフェキス,,,,
,3120,クリス・ディアマントポロス,,,,
,3121,アデトクンボー・マコーマック,,,,
,3122,メリーナ・カナカレデス,,,,
,3123,マット・ロウ,,,,
,3124,アダム・クローズデル,,,,
,3125,デヴィッド・ショーネシー,,,,
,3126,フレッド・タタショア,,,,
,3127,シャウント・ニゴゴシアン,,,,
,3128,チャーリー・パルラパニデス,,,,
,3129,ヴラス・パルラパニデス,,,,
,3130,グリフィン・キャンベル,,,,
,3131,ジャカリ・フレイザー,,,,
,3132,ジョシュ・キートン,,,,
,3133,アマリ・マッコイ,,,,
,3134,リサ・メイ,,,,
,3135,カリー・ペイトン,,,,
,3136,チャーリー・シュラッター,,,,
,3137,ダニー・トレホ,,,,
,3138,ナット・ファクソン,,,,
,3139,ダナ・カーヴィ,,,,
,3140,ティナ・フェイ,,,,
,3141,クリッシー・テイゲン,,,,
,3142,ロニー・チェン,,,,
,3143,デヴィッド・C・スミス,,,,
,3144,ケイシー・クロウ,,,,
,3145,ロバート・カーロック,,,,
,3146,サム・ミーンズ,,,,
,3147,イヴェット・ニコール・ブラウン,,,,
,3148,J・B・スムーヴ,,,,
,3149,ジェイ・フェイロー,,,,
,3150,マルセイ・マーティン,,,,
,3151,スリンク・ジョンソン,,,,
,3152,堀越 大,,,,
,3153,霜山 朋久,,,,
,3154,うえの きみこ,,,,
,3155,伊藤 祐毅,,,,
,3156,みうら たけひろ,,,,
,3157,杉浦 理史,,,,
,3158,シロヒ,,,,
,3159,アーノルド・ローベル,,,,
,3160,サラ・ジョンソン,,,,
,3161,ケン・ポンタック,,,,
,3162,ケヴィン・マイケル・リチャードソン,,,,
,3163,ロン・ファンチズ,,,,
,3164,マーガレット・チョー,,,,
,3165,フォーチュン・フィームスター,,,,
,3166,ジョン・ホッジマン,,,,
,3167,トム・ケニー,,,,
,3168,セレーネ・ルナ,,,,
,3169,阿部 大樹,,,,
,3170,郷田 翼,,,,
,3171,中上 育実,,,,
,3172,神谷 純,,,,
,3173,加藤 亮夫,,,,
,3174,伊藤 和晃,,,,
,3175,ブライアン・アンドリュース,,,,
,3176,アシュリー・ブラッドリー,,,,
,3177,クリス・ヘムズワース,,,,
,3178,ジャイモン・フンスー,,,,
,3179,トム・ヒドルストン,,,,
,3180,トビー・ジョーンズ,,,,
,3181,サミュエル・L・ジャクソン,,,,
,3182,ジェフリー・ライト,,,,
,3183,ジョシュ・ブローリン,,,,
,3184,ドミニク・クーパー,,,,
,3185,デヴィッド・ダストマルチャン,,,,
,3186,マイケル・ダグラス,,,,
,3187,カレン・ギラン,,,,
,3188,ジェフ・ゴールドブラム,,,,
,3189,フランク・グリロ,,,,
,3190,ショーン・ガン,,,,
,3191,マシュー・チャウンシー,,,,
,3192,ジョン・スラッテリー,,,,
,3193,ジョン・ファブロー,,,,
,3194,ミック・ウィンガート,,,,
,3195,レイク・ベル,,,,
,3196,デブリー・ジェイコブス,,,,
,3197,ケイト・ブランシェット,,,,
,3198,フェオドール・チン,,,,
,3199,エリザベス・オルセン,,,,
,3200,ベネディクト・カンバーバッチ,,,,
,3201,ステファン・フランク,,,,
,3202,セバスチャン・スタン,,,,
,3203,マーク・ラファロ,,,,
,3204,セス・グリーン,,,,
,3205,カット・デニングス,,,,
,3206,ヴィヴィアン・メドラーノ,,,,
,3207,アダム・ネイラン,,,,
,3208,エリカ・リー・ヘニングセン,,,,
,3209,ステファニー・ベアトリス,,,,
,3210,アミール・タライ,,,,
,3211,ブレイク・ローマン,,,,
,3212,キース・デヴィッド,,,,
,3213,キミコ・グレン,,,,
,3214,アレックス・ブライトマン,,,,
,3215,古沢 良太,,,,
,3216,橋詰 知久,,,,
,3217,肥塚 正史,,,,
,3218,屋良 有作,,,,
,3219,浦沢 直樹,,,,
,3220,手塚 治虫,,,,
,3221,河口 俊夫,,,,
,3222,藤真 秀,,,,
,3223,津田 英三,,,,
,3224,羽佐間 道夫,,,,
,3225,神保 昌登,,,,
,3226,マーサ・ケリー,,,,
,3227,キンバリー・エイベア・グレゴリー,,,,
,3228,ベス・グラント,,,,
,3229,ローレンス・プレスマン,,,,
,3230,メル・ロドリゲス,,,,
,3231,マイケル・チャーナス,,,,
,3232,ショーン・ジャンブロン,,,,
,3233,ダン・ガターマン,,,,
,3234,IIS-P,,,,
,3235,二ノ宮 愛子,,,,
,3236,鎌倉 有那,,,,
,3237,三品 建,,,,
,3238,小林 有吾,,,,
,3239,ブライアン・リー・オマリー,,,,
,3240,アベル・ゴンゴラ,,,,
,3241,ベンデヴィッド・グラヴィンスキー,,,,
,3242,メアリー・エリザベス・ウィンステッド,,,,
,3243,サティヤ・バーバー,,,,
,3244,キーラン・カルキン,,,,
,3245,クリス・エヴァンス,,,,
,3246,アナ・ケンドリック,,,,
,3247,ブリー・ラーソン,,,,
,3248,アリソン・ピル,,,,
,3249,オーブリー・プラザ,,,,
,3250,ブランドン・ラウス,,,,
,3251,ジェイソン・シュワルツマン,,,,
,3252,ジョニー・シモンズ,,,,
,3253,マーク・ウェバー,,,,
,3254,メイ・ホイットマン,,,,
,3255,エレン・ウォン,,,,
,3256,西澤 晋,,,,
,3257,ところ ともかず,,,,
,3258,ヤマザキ コレ,,,,
,3259,高羽 彩,,,,
,3260,寺澤 和晃,,,,
,3261,福田 晋一,,,,
,3262,篠原 啓輔,,,,
,3263,川面 真也,,,,
,3264,春水 融,,,,
,3265,ジェーン・ウー,,,,
,3266,アンバー・ノイズミ,,,,
,3267,マイケル・グリーン,,,,
,3268,マヤ・アースキン,,,,
,3269,ジョージ・タケイ,,,,
,3270,マシ・オカ,,,,
,3271,ケイリー=ヒロユキ・タガワ,,,,
,3272,ブレンダ・ソング,,,,
,3273,ランドール・パーク,,,,
,3274,ケネス・ブラナー,,,,
,3275,乙一,,,,
,3276,ナット・ヨッワタナーノン,,,,
,3277,菊池 こころ,,,,
,3278,出水 ぽすか,,,,
,3279,秋山 勝仁,,,,
,3280,寺田 素都,,,,
,3281,須⾙ 真也,,,,
,3282,水木 しげる,,,,
,3283,佐藤 順一,,,,
,3284,柳沢 三千代,,,,
,3285,下野 紅,,,,
,3286,三田 ゆう子,,,,
,3287,久世 蘭,,,,
,3288,よどら 文鳥,,,,
,3289,葛齋 旭也,,,,
,3290,千春,,,,
,3291,近藤 浩徳,,,,
,3292,やしろ,,,,
,3293,岡部 閏,,,,
,3294,廣瀬 大介,,,,
,3295,宮沢 りえ,,,,
,3296,窪塚 洋介,,,,
,3297,吉田 帆乃華,,,,
,3298,イッセー 尾形,,,,
,3299,西見 祥示郎,,,,
,3300,田中 栄子,,,,
,3301,真野 勝成,,,,
,3302,木ノ花 咲,,,,
,3303,五十嵐 裕美,,,,
,3304,仲田 ありさ,,,,
,3305,池添 朋文,,,,
,3306,志瑞 祐,,,,
,3307,森田 宏幸,,,,
,3308,サム・ディーツ,,,,
,3309,ウォーレン・エリス,,,,
,3310,リチャード・アーミティッジ,,,,
,3311,ジェームズ・キャリス,,,,
,3312,アレハンドラ・レイノソ,,,,
,3313,アダム・ディーツ,,,,
,3314,テオ・ジェームズ,,,,
,3315,ジェイミー・マーレイ,,,,
,3316,内門 徹,,,,
,3317,福島 リラ,,,,
,3318,ジェシカ・ブラウン・フィンドレイ,,,,
,3319,イワナ・ミルセヴィッチ,,,,
,3320,ナヴィド・ネガーバン,,,,
,3321,ランス・レディック,,,,
,3322,ビル・ナイ,,,,
,3323,ヤスミン・アル・マスリー,,,,
,3324,トックス・オラグンドイ,,,,
,3325,マーシャ・トマソン,,,,
,3326,スティーヴン・ユァン,,,,
,3327,J・K・シモンズ,,,,
,3328,サンドラ・オー,,,,
,3329,マーク・ハミル,,,,
,3330,ザジー・ビーツ,,,,
,3331,アンドリュー・ラネルズ,,,,
,3332,ジェフリー・アレン,,,,
,3333,ロバート・バレー,,,,
,3334,ロバート・カークマン,,,,
,3335,サイモン・レイシオッパ,,,,
,3336,ダン・ダンカン,,,,
,3337,イアン・アバンド,,,,
,3338,ソル・チョイ,,,,
,3339,マット・ランバート,,,,
,3340,ジャスティン・ロイランド,,,,
,3341,クリス・パーネル,,,,
,3342,スペンサー・グラマー,,,,
,3343,サラ・チョーク,,,,
,3344,ピート・ミッチェルズ,,,,
,3345,ダン・ハーモン,,,,
,3346,ウェスリー・アーチャー,,,,
,3347,Jacob Hair,,,,
,3348,アレックス・ルーベンス,,,,
,3349,ニコラス・ラザフォード,,,,
,3350,ジョン・ムレイニー,,,,
,3351,ジェシー・クライン,,,,
,3352,ジェニー・スレイト,,,,
,3353,マーヤ・ルドルフ,,,,
,3354,マーク・レヴィン,,,,
,3355,ブライアン・フランシス,,,,
,3356,Joel Moser,,,,
,3357,アンドリュー・ゴールドバーグ,,,,
,3358,ヴィクター・キナス,,,,
,3359,ケリー・ガルスカ,,,,
,3360,ボブ・ボーウェン,,,,
,3361,ポール・スカルラータ,,,,
,3362,ブランドン・カイル・グッドマン,,,,
,3363,村井 良大,,,,
,3364,大西 礼芳,,,,
,3365,田中 稔彦,,,,
,3366,白水 桜太郎,,,,
,3367,深海 誉,,,,
,3368,Sara,,,,
,3369,秋元 佐和紀,,,,
,3370,増本 庄一郎,,,,
,3371,竹井 亮介,,,,
,3372,田野 アサミ,,,,
,3373,松本 若菜,,,,
,3374,中込 佐知子,,,,
,3375,茉莉 邑薫,,,,
,3376,遠藤 瑠香,,,,
,3377,福士 誠治,,,,
,3378,清水 崇,,,,
,3379,井口 昇,,,,
,3380,ブラジリィー・アン・山田,,,,
,3381,鳥越 裕貴,,,,
,3382,山本 侑平,,,,
,3383,喜屋武 ちあき,,,,
,3384,酒井 瞳,,,,
,3385,未来 みき,,,,
,3386,川村 あやの,,,,
,3387,池田 優斗,,,,
,3388,板尾 創路,,,,
,3389,谷口 崇,,,,
,3390,石川 智久,,,,
,3391,細谷 伸之,,,,
,3392,広瀬 基樹,,,,
,3393,櫻井 謙士,,,,
,3394,岸野 聡子,,,,
,3395,春名 風花,,,,
,3396,石賀 和輝,,,,
,3397,小倉 久寛,,,,
,3398,野村 昌司,,,,
,3399,松尾 諭,,,,
,3400,寺田 農,,,,
,3401,渡辺 哲,,,,
,3402,ひの あらた,,,,
,3403,宮崎 吐夢,,,,
,3404,山崎 直樹,,,,
,3405,兼子 昌也,,,,
,3406,田上 真里奈,,,,
,3407,桜 あず,,,,
,3408,東城 咲耶子,,,,
,3409,護 あさな,,,,
,3410,梅原 サエリ,,,,
,3411,山田 真歩,,,,
,3412,阿達 由香,,,,
,3413,小桃音 まい,,,,
,3414,夏雪 めぐみ,,,,
,3415,天海 つばめ,,,,
,3416,森田 紗英,,,,
,3417,イチキ 游子,,,,
,3418,須賀 貴匡,,,,
,3419,野村 修一,,,,
,3420,竹井 洋介,,,,
,3421,高山 猛久,,,,
,3422,福田 芽衣,,,,
,3423,山口 綾子,,,,
,3424,沢井 正棋,,,,
,3425,吉村 駿作,,,,
,3426,大赤見 展彦,,,,
,3427,蔵下 穂波,,,,
,3428,島田 翼,,,,
,3429,長谷川 里桃,,,,
,3430,堀越 せな,,,,
,3431,小珠 ひかる,,,,
,3432,西谷 有機,,,,
,3433,太田 彩華,,,,
,3434,七瀬 大空,,,,
,3435,吉田 ウーロン太,,,,
,3436,北原 里英,,,,
,3437,肘井 ミカ,,,,
,3438,新納 敏正,,,,
,3439,池田 航,,,,
,3440,青木 悠,,,,
,3441,MoeMi,,,,
,3442,松村 泰一郎,,,,
,3443,ニシオカ・ト・ニール,,,,
,3444,大海 将一郎,,,,
,3445,成瀬 瑛美,,,,
,3446,空野 青空,,,,
,3447,星菜 日向夏,,,,
,3448,深澤 大河,,,,
,3449,園山 敬介,,,,
,3450,沢田 敏子,,,,
,3451,森 レイ子,,,,
,3452,水科 葵,,,,
,3453,大石 ともこ,,,,
,3454,白石 るり,,,,
,3455,桃ノ井 理子,,,,
,3456,宮白 桃子,,,,
,3457,林田 球,,,,
,3458,鵜殿 麻由,,,,
,3459,ソンド,,,,
,3460,ロケット商会,,,,
,3461,飯塚 麻結,,,,
,3462,ミシェル・アン,,,,
,3463,スティーブン・スタントン,,,,
,3464,イアン・マクダーミド,,,,
,3465,ボブ・バーゲン,,,,
,3466,グウェンドリン・イェオ,,,,
,3467,ベン・ディスキン,,,,
,3468,アンドリュー・キシノ,,,,
,3469,アーチー・パンジャビ,,,,
,3470,フレディ・プリンゼ Jr.,,,,
,3471,キャラ・ピフコ,,,,
,3472,ニカ・ファターマン,,,,
,3473,ブラッド・ラウ,,,,
,3474,ジェニファー・コルベット,,,,
,3475,リー・パールマン,,,,
,3476,ワンダ・サイクス,,,,
,3477,ヘクター・エリゾンド,,,,
,3478,ノシル・ダラル,,,,
,3479,マックス・ミッテルマン,,,,
,3480,タシア・ヴァレンザ,,,,
,3481,シェルビー・ヤング,,,,
,3482,ベン・シュワルツ,,,,
,3483,アーニー・ハドソン,,,,
,3484,ジミ・シンプソン,,,,
,3485,ケイシャ・キャッスル＝ヒューズ,,,,
,3486,ジュリアン・デニソン,,,,
,3487,アンジェリカ・ヒューストン,,,,
,3488,ダニエル・ローガン,,,,
,3489,トム・テイローソン,,,,
,3490,ショーン・クリフォード,,,,
,3491,ダニー・ジェイコブス,,,,
,3492,グウェンドリン・ヨー,,,,
,3493,ステファニー・スー,,,,
,3494,キキ・パーマー,,,,
,3495,サム・スミス,,,,
,3496,キム・アーント,,,,
,3497,ジョーイ・アダムス,,,,
,3498,ベックス・ウォレス,,,,
,3499,シロッコ・ダンラップ,,,,
,3500,ショーナ・マクギャリー,,,,
,3501,ナターシャ・リオン,,,,
,3502,ダニエル・レンフルー・ベアレンズ,,,,
,3503,アントニオ・カノッビオ,,,,
,3504,デヴェン・マック,,,,
,3505,アシュレイ・ボール,,,,
,3506,シャノン・チャン・ケント,,,,
,3507,ブライアン・ドラモンド,,,,
,3508,カズミ・エバンス,,,,
,3509,イアン・ハンリン,,,,
,3510,アダム・ヌラダ,,,,
,3511,ショーン・ウィリアム・マクローリン,,,,
,3512,依空 まつり,,,,
,3513,山本 蒼美,,,,
,3514,橋本夏,,,,
,3515,加藤 結子,,,,
,3516,高雄 統子,,,,
,3517,松嵜 麗,,,,
,3518,長井 龍雪,,,,
,3519,古里 尚丈,,,,
,3520,轟 豊太,,,,
,3521,斎藤 桃子,,,,
,3522,清水 香里,,,,
,3523,稲葉 実,,,,
,3524,かぼちゃ,,,,
,3525,人米,,,,
,3526,谷舞 司,,,,
,3527,森 邦宏,,,,
,3528,ナサニエル・カーティス,,,,
,3529,バラック,,,,
,3530,ボリス・ヒーシュタント,,,,
,3531,デヴィッド・メンキン,,,,
,3532,マーク・エブル,,,,
,3533,メディ・レフファド,,,,
,3534,アレックス・ラーセン,,,,
,3535,麻鈴,,,,
,3536,若林 正,,,,
,3537,内海 照子,,,,
,3538,本上まなみ,,,,
,3539,あ～ちゃん,,,,
,3540,かしゆか,,,,
,3541,のっち,,,,
,3542,よこみぞ ゆり,,,,
,3543,ジャック・ブラック,,,,
,3544,リタ・オラ,,,,
,3545,クリス・ギア,,,,
,3546,デラ・サバ,,,,
,3547,ジェームズ・ホン,,,,
,3548,ラヌマ・パンサキー,,,,
,3549,エド・ウィークス,,,,
,3550,エイミー・ヒル,,,,
,3551,H・マイケル・クローナー,,,,
,3552,アニー・マーフィ,,,,
,3553,Allison Craig,,,,
,3554,Claytia Gonsalves,,,,
,3555,ジョン・チョー,,,,
,3556,キアシー・クレモンズ,,,,
,3557,スティーヴン・ルート,,,,
,3558,クリスティーン・バランスキー,,,,
,3559,ピーター・メリーマン,,,,
,3560,スティーヴン・チャン,,,,
,3561,アンナ・ドレーゼン,,,,
,3562,ミケーラ・ルーチ,,,,
,3563,カラム・ショニカー,,,,
,3564,リヨン・スミス,,,,
,3565,アナンド・ラジャラム,,,,
,3566,タージャ・アイセン,,,,
,3567,デイビット・ベルニ,,,,
,3568,リンダ・バレンタイン,,,,
,3569,パトリック・マッケンナ,,,,
,3570,ジョシュア・グレアム,,,,
,3571,ジュディ・マーシャク,,,,
,3572,マーティン・ローチ,,,,
,3573,ケイティ・グリフィン,,,,
,3574,アダム・ペルツマン,,,,
,3575,キラン・サンゲラ,,,,
,3576,P・D・イーストマン,,,,
,3577,三澤 紗千香,,,,
,3578,秦 佐和子,,,,
,3579,mika,,,,
,3580,Ayasa,,,,
,3581,梅津 朋美,,,,
,3582,窪田 等,,,,
,3583,よしなが ふみ,,,,
,3584,おけまる,,,,
,3585,麻生 智久,,,,
,3586,板垣 恵介,,,,
,3587,平野 俊貴,,,,
,3588,大川 透,,,,
,3589,島田 敏,,,,
,3590,和ヶ原 聡司,,,,
,3591,細田 直人,,,,
,3592,筑紫 大介,,,,
,3593,ななてる,,,,
,3594,南 康宏,,,,
,3595,永井 真衣,,,,
,3596,上條 千尋,,,,
,3597,伊ヶ崎 綾香,,,,
,3598,梅村 真也,,,,
,3599,大久保 政雄,,,,
,3600,中野 泰佑,,,,
,3601,於地 紘仁,,,,
,3602,萩原 一至,,,,
,3603,ゼロカルカーレ,,,,
,3604,ヴァレリオ・マスタンドレア,,,,
,3605,ペンギンボックス,,,,
,3606,槙 麻里奈,,,,
,3607,長嶋 宏明,,,,
,3608,ジェイソン・リッター,,,,
,3609,クリストファー・メローニ,,,,
,3610,アレハンドロ・エッダ,,,,
,3611,アダム・ディヴァイン,,,,
,3612,トロンド・ファウサ・アウルヴォーグ,,,,
,3613,アダム・パートン,,,,
,3614,Jonas Torgersen,,,,
,3615,ヨン・イーヴェル・ヘル,,,,
,3616,レスリー＝アン・ブラント,,,,
,3617,アンソニー・キャリガン,,,,
,3618,酒井 和男,,,,
,3619,リ・ハオリン,,,,
,3620,山﨑 みつえ,,,,
,3621,山田 孝之,,,,
,3622,深谷 かほる,,,,
,3623,竹谷 和真,,,,
,3624,祐仙 勇,,,,
,3625,カルロ・ゼン,,,,
,3626,安保 英樹,,,,
,3627,堺 三保,,,,
,3628,魚 建,,,,
,3629,牛山 茂,,,,
,3630,関戸 博一,,,,
,3631,曽世 海司,,,,
,3632,清水 栄一,,,,
,3633,下口 智裕,,,,
,3634,神山 健治,,,,
,3635,荒牧 伸志,,,,
,3636,永井 幸治,,,,
,3637,伊藤 香織,,,,
,3638,高橋 和希,,,,
,3639,近藤 信宏,,,,
,3640,ランズベリー・アーサー,,,,
,3641,福島 香々,,,,
,3642,えなこ,,,,
,3643,水 あさと,,,,
,3644,久尾 歩,,,,
,3645,兀兀,,,,
,3646,ごとう にも,,,,
,3647,冬月 光輝,,,,
,3648,眉月 じゅん,,,,
,3649,安部 瞬,,,,
,3650,西村 舞音,,,,
,3651,富原 大稀,,,,
,3652,村瀬 亜季,,,,
,3653,上川 隆也,,,,
,3654,磯部 勉,,,,
,3655,水野 貴信,,,,
,3656,木村 拓,,,,
,3657,Ursula Corbero,,,,
,3658,ルイス・トサル,,,,
,3659,エヴァ・ウィテカー,,,,
,3660,Alex Connolly,,,,
,3661,Noah Rafferty,,,,
,3662,モリー・マキャン,,,,
,3663,バレンティナ・ムーア,,,,
,3664,Julia Oviedo,,,,
,3665,ケイト・ディッキー,,,,
,3666,マキシン・ピーク,,,,
,3667,デイジー・ハガード,,,,
,3668,チャリトラ・チャンドラン,,,,
,3669,ビビー・ケイヴ,,,,
,3670,デニス・ローソン,,,,
,3671,Rodrigo Blaas,,,,
,3672,ポール・ヤング,,,,
,3673,ガブリエル・オソリオ,,,,
,3674,青山 剛昌,,,,
,3675,春藤 佳奈,,,,
,3676,つくみず,,,,
,3677,水﨑 淳平,,,,
,3678,高木 真司,,,,
,3679,中島 かずき,,,,
,3680,柊 裕一,,,,
,3681,逢空 万太,,,,
,3682,藤本 侑里,,,,
,3683,橘 杏咲,,,,
,3684,増田 こうすけ,,,,
,3685,前田 剛,,,,
,3686,矢部 雅史,,,,
,3687,内藤 玲,,,,
,3688,佐藤 なる美,,,,
,3689,植田 益朗,,,,
,3690,南野 海風,,,,
,3691,鹿角 フェフ,,,,
,3692,菊石 まれほ,,,,
,3693,二階堂 幸,,,,
,3694,湯本 柚子,,,,
,3695,山中 拓也,,,,
,3696,佐藤 卓哉,,,,
,3697,綾瀬 未来,,,,
,3698,須藤 叶希,,,,
,3699,亜咲花,,,,
,3700,KIYOZO,,,,
,3701,出端 祐大,,,,
,3702,瀬田 光穂,,,,
,3703,新崎 瑞季,,,,
,3704,内沼 菜摘,,,,
,3705,恵村 まお,,,,
,3706,阿部 正行,,,,
,3707,水沢 直木,,,,
,3708,ケイトリン・オルソン,,,,
,3709,ジョニー・ノックスヴィル,,,,
,3710,ニーシー・ナッシュ,,,,
,3711,フレッド・アーミセン,,,,
,3712,プリシラ・プレスリー,,,,
,3713,フレッチャー・ムールズ,,,,
,3714,ゲイリー・イェ,,,,
,3715,マイク・アーノルド,,,,
,3716,菅原 雅芳,,,,
,3717,鈴木 裕輔,,,,
,3718,赤塚 不二夫,,,,
,3719,藤田 陽一,,,,
,3720,大畑 伸太郎,,,,
,3721,阿賀沢 紅茶,,,,
,3722,亀梨 和也,,,,
,3723,満島 ひかり,,,,
,3724,奥田 民義,,,,
,3725,わたせ せいぞう,,,,
,3726,獅子神 レオナ,,,,
,3727,ユプシロン,,,,
,3728,Rasetsu,,,,
,3729,Mugei,,,,
,3730,松田 圭太,,,,
,3731,Figaro,,,,
,3732,塩田 朋子,,,,
,3733,荒井 勇樹,,,,
,3734,吉沢 俊一,,,,
,3735,福井 晴敏,,,,
,3736,シャベリーマン,,,,
,3737,ブリアナ・プライス,,,,
,3738,シュヴォーン・マークス,,,,
,3739,アミ・オクムラ・ジョーンズ,,,,
,3740,Max Beaudry,,,,
,3741,ビーニー・フェルドスタイン,,,,
,3742,ジェーン・リンチ,,,,
,3743,レイシー・シャベール,,,,
,3744,キンバリー・ブルックス,,,,
,3745,ルイーズ・フィッツヒュー,,,,
,3746,ウィル・マクロブ,,,,
,3747,リーバイ・アブリーノ,,,,
,3748,川崎 茉凜,,,,
,3749,青池 良輔,,,,
,3750,村山 太,,,,
,3751,ジェームズ・シー,,,,
,3752,エバ・アリエル・バインダー,,,,
,3753,タッカー・チャンドラー,,,,
,3754,ジュダ・マッキー,,,,
,3755,ジュン・ファルケンシュタイン,,,,
,3756,ロブ・ホージー,,,,
,3757,マシュー・ゲッジー,,,,
,3758,ケイシー・チェイズ,,,,
,3759,ビル・ファーマー,,,,
,3760,シルヴァン・カルーソ,,,,
,3761,リー・デロング,,,,
,3762,デイビット・ガスマン,,,,
,3763,ジャン・ケイヨール,,,,
,3764,Julien Dinse,,,,
,3765,見里 朝希,,,,
,3766,根本 宗子,,,,
,3767,久宝 忠,,,,
,3768,佐竹 秀幸,,,,
,3769,おおの こうすけ,,,,
,3770,伊藤 潤二,,,,
,3771,澤田 薫,,,,
,3772,斉藤 佑圭,,,,
,3773,幸村 誠,,,,
,3774,籔田 修平,,,,
,3775,高梁 碧,,,,
,3776,モンキー・パンチ,,,,
,3777,酒向 大輔,,,,
,3778,Kaolip,,,,
,3779,小岩崎 小恵,,,,
,3780,鶴田 真希,,,,
,3781,荒井 聡太,,,,
,3782,加藤 慎吾,,,,
,3783,井上 里奈,,,,
,3784,高橋 ゆき,,,,
,3785,佐々 千春,,,,
,3786,宮内 告典,,,,
,3787,内海 安希子,,,,
,3788,みゆはん,,,,
,3789,今柳 りさ,,,,
,3790,小田 果林,,,,
,3791,ハラダ サヤカ,,,,
,3792,山橋 正臣,,,,
,3793,太田 垣康男,,,,
,3794,本多 誠,,,,
,3795,吉澤 佑実子,,,,
,3796,神谷 明,,,,
,3797,岩居 由希子,,,,
,3798,松井 菜桜子,,,,
,3799,高島 雅羅,,,,
,3800,加藤 精三,,,,
,3801,堀 之紀,,,,
,3802,こだま 兼嗣,,,,
,3803,山崎 和佳奈,,,,
,3804,中嶋 聡彦,,,,
,3805,宮村 優子,,,,
,3806,山本 泰一郎,,,,
,3807,千葉 一伸,,,,
,3808,佐藤 真人,,,,
,3809,マイケル・ドカリー,,,,
,3810,マイケル・キューザック,,,,
,3811,サラ・スヌーク,,,,
,3812,デミ・ラードナー,,,,
,3813,ヒュー・ジャックマン,,,,
,3814,ジャラッド・ライト,,,,
,3815,大石 浩二,,,,
,3816,榊原 幹典,,,,
,3817,福島 星蘭,,,,
,3818,せいや,,20,,
,3819,粗品,,20,,
,3820,鎌仲 史陽,,,,
,3821,大南 悠,,,,
,3822,村瀬 修功,,,,
,3823,むとう やすゆき,,,,
,3824,T.Jun,,,,
,3825,カン・イルハン,,,,
,3826,浦田 わたる,,,,
,3827,新田 杏樹,,,,
,3828,青山 玲菜,,,,
,3829,Raychell,,,,
,3830,アシュリー・バーチ,,,,
,3831,スマリー・モンタノ,,,,
,3832,ケストン・ジョン,,,,
,3833,ゼフラ・ファザル,,,,
,3834,ジャン・ギルピン,,,,
,3835,メルグリード・スコット,,,,
,3836,ラズ・アロンソ,,,,
,3837,イヴォンヌ・オージ,,,,
,3838,プリア・ファーガソン,,,,
,3839,ジェコビ・スウェイン,,,,
,3840,ジム・ラッシュ,,,,
,3841,ロブ・リグル,,,,
,3842,ケヴィン・デュランド,,,,
,3843,エヴェレット・ダウニング・Jr,,,,
,3844,パトリック・ハーピン,,,,
,3845,Shakira Pressley,,,,
,3846,堂珍 嘉邦,,,,
,3847,ユナク,,,,
,3848,西 健亮,,,,
,3849,岩河 拓吾,,,,
,3850,岡井 カツノリ,,,,
,3851,高殿 円,,,,
,3852,須藤 典彦,,,,
,3853,KAORI,,,,
,3854,山田 ふしぎ,,,,
,3855,ラリッサ・ディアス,,,,
,3856,ジジ・サウル・ゲレーロ,,,,
,3857,カーディ・ウォン,,,,
,3858,ベサニー・ブラウン,,,,
,3859,アリ・Ｊ・アイズナー,,,,
,3860,スティーヴ・ボール,,,,
,3861,ジリアン・ホーヴァス,,,,
,3862,古川 由利奈,,,,
,3863,松尾 衡,,,,
,3864,浅田 裕二,,,,
,3865,岡田 夢以,,,,
,3866,米澤 茜,,,,
,3867,矢嶋 哲生,,,,
,3868,豊島 まさみ,,,,
,3869,牧口 真幸,,,,
,3870,ぱんだにあ,,,,
,3871,前田 登,,,,
,3872,山本 舞香,,,,
,3873,三浦 紗智,,,,
,3874,よぢね,,,,
,3875,どめし,,,,
,3876,菊地 瞳,,,,
,3877,武隈 史子,,,,
,3878,中川 慶一,,,,
,3879,木下 紗華,,,,
,3880,藤村 知可,,,,
,3881,大和田 淳,,,,
,3882,井上 堅二,,,,
,3883,ロバート・ウォーターマン,,,,
,3884,二式 恭介,,,,
,3885,セス・キアスリー,,,,
,3886,ブライアン・マイノルフィ,,,,
,3887,ロジャー・ブラック,,,,
,3888,ウェイコ・オグィン,,,,
,3889,カール・ファルオロ,,,,
,3890,ジェームズ・ラリソン,,,,
,3891,イーサン・バンヴィル,,,,
,3892,キャンベル・ブライヤー,,,,
,3893,須賀 達郎,,,,
,3894,田中 智士,,,,
,3895,盆子 原康,,,,
,3896,森川 滋,,,,
,3897,重信 康,,,,
,3898,宮崎 一成,,,,
,3899,藤田 佳寿恵,,,,
,3900,浅野 まゆみ,,,,
,3901,宮下 裕樹,,,,
,3902,高橋 知也,,,,
,3903,春海 百乃,,,,
,3904,L・M・モンゴメリ,,,,
,3905,川又 浩,,,,
,3906,中村 綾,,,,
,3907,松本 保典,,,,
,3908,東川 篤哉,,,,
,3909,R/0,,,,
,3910,しりもと,,,,
,3911,白坂 英晃,,,,
,3912,中乃 空,,,,
,3913,河村 梨恵,,,,
,3914,丸山 京夏,,,,
,3915,高橋 雛子,,,,
,3916,アダム・リード,,,,
,3917,Ｈ・ジョン・ベンジャミン,,,,
,3918,ジュディ・グリア,,,,
,3919,アンバー・ナッシュ,,,,
,3920,アイシャ・タイラー,,,,
,3921,ジェシカ・ウォルター,,,,
,3922,ラッキー・イエーツ,,,,
,3923,ケイシー・ウィリス,,,,
,3924,ピエール・セラート,,,,
,3925,アシャ・ミッチェル・ウィルソン,,,,
,3926,マーク・ガネク,,,,
,3927,マイク・L・メイフィールド,,,,
,3928,クリス・ウィタスク,,,,
,3929,ジョン・バリンホルツ,,,,
,3930,ローレン・アッシュ,,,,
,3931,ロリー・オマリー,,,,
,3932,ルポール,,,,
,3933,ジル・ティレイ,,,,
,3934,アイク・バリンホルツ,,,,
,3935,アンナ・ホリングスワース,,,,
,3936,アンディ・トム,,,,
,3937,ドリュー・ホッジズ,,,,
,3938,ライアン・ペキン,,,,
,3939,ジョン クラッセン,,,,
,3940,マック・バーネット,,,,
,3941,ギデオン・アドロン,,,,
,3942,スコット・アツィット,,,,
,3943,ハーヴィー・ギレン,,,,
,3944,ジョー・マリエ・ペイトン,,,,
,3945,タラ・ストロング,,,,
,3946,トミー・デヴィッドソン,,,,
,3947,カイラ・プラット,,,,
,3948,オーランド・ブラウン,,,,
,3949,ソレイル・ムーン・フライ,,,,
,3950,アリサ・レイエス,,,,
,3951,カレン・マリーナ・ホワイト,,,,
,3952,デイビット・ムッチ・ファセット,,,,
,3953,ブルース・W・スミス,,,,
,3954,カルバン・ブラウン・ジュニア,,,,
,3955,ドリーン・スパイサー,,,,
,3956,ポーラ・ジャイ・パーカー,,,,
,3957,セドリック・ジ・エンターテイナー,,,,
,3958,ザカリー・クイント,,,,
,3959,ショーン・ハーパー,,,,
,3960,Kaitlin Sutherland,,,,
,3961,Latoya Raveneau,,,,
,3962,ラルフ・ファークハー,,,,
,3963,タラ・ニコール・ウィタカー,,,,
,3964,Rudi Bloss,,,,
,3965,カイリー・エバンス,,,,
,3966,岩崎 う大,,21,,
,3967,アレックス・バリマ,,,,
,3968,デヴン・マック,,,,
,3969,シャンテル・ライリー,,,,
,3970,ドウェイン・ヒル,,,,
,3971,トレヴァー・ディーン＝フリーマン,,,,
,3972,マシュー・フェルナンデス,,,,
,3973,メリル・ハゲン,,,,
,3974,ミッチェル・キャヴィン,,,,
,3975,マリア・ナッシュ,,,,
,3976,チェイス・W・ディロン,,,,
,3977,レイチェル・ハウス,,,,
,3978,Thom Allison,,,,
,3979,Viola Abley,,,,
,3980,Wayne-Michael Lee,,,,
,3981,Nathalie Toriel,,,,
,3982,ステファニー・カリナー,,,,
,3983,タネカ・ストッツ,,,,
,3984,高木ひとみ〇,,22,,
,3985,むめい,,,,
,3986,宇佐 義大,,,,
,3987,大塚 雅彦,,,,
,3988,荒木 飛呂彦,,,,
,3989,真坂 美帆,,,,
,3990,塩屋 翼,,,,
,3991,カイル・キンエイン,,,,
,3992,ダナ・スナイダー,,,,
,3993,セドリック・ヤーブロー,,,,
,3994,グレイ・グリフィン,,,,
,3995,ジュリアン・ギャント,,,,
,3996,種市 桃子,,,,
,3997,森見 登美彦,,,,
,3998,上田 誠,,,,
,3999,百世 渡,,,,
,4000,大場 小ゆり,,,,
,4001,福田 裕子,,,,
,4002,河原 和音,,,,
,4003,丹沢 晃之,,,,
,4004,かんば まゆこ,,,,
,4005,しろ,,,,
,4006,ふでやす かずゆき,,,,
,4007,山本 亜衣,,,,
,4008,由唯,,,,
,4009,岩﨑 太郎,,,,
,4010,髙木 朋弥,,,,
,4011,丈,,,,
,4012,尾崎 雅之,,,,
,4013,武井 潤,,,,
,4014,竹田 靑滋,,,,
,4015,田村 一彦,,,,
,4016,松井 千夏,,,,
,4017,安本 了,,,,
,4018,アシュリー・エクスタイン,,,,
,4019,コーリー・バートン,,,,
,4020,イアン・マクディアミッド,,,,
,4021,Nathaniel Villanueva,,,,
,4022,菊地 美香,,,,
,4023,加藤 聖奈,,,,
,4024,中西 モトオ,,,,
,4025,相浦 和也,,,,
,4026,今村翔吾,,,,
,4027,藤井 道人,,,,
,4028,山口 健人,,,,
,4029,山本 透,,,,
,4030,岡田 准一,,,,
,4031,髙橋 信一,,,,
,4032,押田 興将,,,,
,4033,江原 正士,,,,
,4034,サトウ ユーゾー,,,,
,4035,ボニー・ハント,,,,
,4036,リア・レイサム,,,,
,4037,ネイト・トレンス,,,,
,4038,レイモンド・S・パーシ,,,,
,4039,ジョシー・トリニダード,,,,
,4040,トレント・コーリー,,,,
,4041,渋谷 彩乃,,,,
,4042,小路 裕夕,,,,
,4043,河添 太一,,,,
,4044,アリン・レイチェル,,,,
,4045,ケント・オズボーン,,,,
,4046,アッシュリー・バーチ,,,,
,4047,アレクサンダー・ジェームス・ロドリゲス,,,,
,4048,Natasha Allegri,,,,
,4049,西山 司,,,,
,4050,吉宗 鋼紀,,,,
,4051,リジー・キャプラン,,,,
,4052,クリスチャン・スレーター,,,,
,4053,クラーク・デューク,,,,
,4054,ティシャ・キャンベル=マーティン,,,,
,4055,アンドリュー・デイリー,,,,
,4056,ボビー・リー,,,,
,4057,ブルット・ゲルマン,,,,
,4058,ヴィタリー・ストロコウス,,,,
,4059,シオン・タケウチ,,,,
,4060,アレックス・ハーシュ,,,,
,4061,アダム・スコット,,,,
,4062,泰 三子,,,,
,4063,古川 日出男,,,,
,4064,山田 尚子,,,,
,4065,春園 ショウ,,,,
,4066,博,,,,
,4067,神戸 光歩,,,,
,4068,黒木 美幸,,,,
,4069,山崎 莉乃,,,,
,4070,新井 良平,,,,
,4071,磯 光雄,,,,
,4072,よしもと きんじ,,,,
,4073,山本 崇一朗,,,,
,4074,加藤 還一,,,,
,4075,伊丹 あき,,,,
,4076,Fe,,,,
,4077,下倉 バイオ,,,,
,4078,浅水 健太朗,,,,
,4079,毛利 のら,,,,
,4080,兎丸 七海,,,,
,4081,鳥羽 徹,,,,
,4082,草川 啓造,,,,
,4083,トゥルー・バレンチノ,,,,
,4084,ウェイン・ブレイディ,,,,
,4085,フランク・トダロ,,,,
,4086,ジョー・ハンナ,,,,
,4087,ルーク・ミリントン＝ドレイク,,,,
,4088,コスモ・シガーソン,,,,
,4089,デイヴ・ワッソン,,,,
,4090,望月 淳,,,,
,4091,板村 智幸,,,,
,4092,藤﨑 ゆみあ,,,,
,4093,清原 果耶,,,,
,4094,東出 昌大,,,,
,4095,染谷 将太,,,,
,4096,早乙女 太一,,,,
,4097,遠藤 雄弥,,,,
,4098,淵上 泰史,,,,
,4099,城 桧吏,,,,
,4100,一ノ瀬 ワタル,,,,
,4101,吉岡 里帆,,,,
,4102,二宮 和也,,,,
,4103,玉木 宏,,,,
,4104,伊藤 英明,,,,
,4105,廖程芝,,,,
,4106,咲々木 瞳,,,,
,4107,塚原 あゆ子,,,,
,4108,福田 亮介,,,,
,4109,林 啓史,,,,
,4110,府川 亮介,,,,
,4111,新井 順子,,,,
,4112,松本 明子,,,,
,4113,野木 亜紀子,,,,
,4114,神木 隆之介,,,,
,4115,斎藤 工,,,,
,4116,杉咲 花,,,,
,4117,池田 エライザ,,,,
,4118,清水 尋也,,,,
,4119,土屋 太鳳,,,,
,4120,國村 隼,,,,
,4121,沢村 一樹,,,,
,4122,中嶋 朋子,,,,
,4123,山本 未來,,,,
,4124,さだ まさし,,,,
,4125,宮本 信子,,,,
,4126,宇垣 美里,,,,
,4127,MTJJ,,,,
,4128,叢芳氷,,,,
,4129,馬文卓,,,,
,4130,彭可欣,,,,
,4131,咲尽 ユウ,,,,
,4132,二枚貝 ほっき,,,,
,4133,EXカリバー,,,,
,4134,所 アヒージョ,,,,
,4135,外川 まつり,,,,
,4136,祈 みさき,,,,
,4137,安藤 圭汰,,,,
,4138,鵜飼 有志,,,,
,4139,古舘 春一,,,,
,4140,満仲 勧,,,,
,4141,ダン・カステラネタ,,,,
,4142,ジュリー・カヴナー,,,,
,4143,ナンシー・カートライト,,,,
,4144,イヤードリー・スミス,,,,
,4145,ハンク・アザリア,,,,
,4146,ジム・リアドン,,,,
,4147,マーク・カークランド,,,,
,4148,デヴィッド・シルヴァーマン,,,,
,4149,ジェームズ・L・ブルックス,,,,
,4150,佐藤 雅子,,,,
,4151,マイケル・B・アンダーソン,,,,
,4152,スティーブン・ディーン・ムーア,,,,
,4153,マシュー・ナストゥク,,,,
,4154,ジョエル・H・コーエン,,,,
,4155,ジョン・フリンク,,,,
,4156,ロブ・オリバー,,,,
,4157,横田 成吾,,,,
,4158,池田 恭祐,,,,
,4159,渡辺 拓海,,,,
,4160,長南 翔太,,,,
,4161,村田 朋泰,,,,
,4162,梶原 洋一郎,,,,
,4163,裕夢,,,,
,4164,德野 雄士,,,,
,4165,白金 透,,,,
,4166,アダム・キング,,,,
,4167,デニース・オリバー,,,,
,4168,ダイアナ・ムーア,,,,
,4169,デニス・コポトゥン,,,,
,4170,ローラ・J・コミッソ,,,,
,4171,宮本 えつよし,,,,
,4172,植島 一輝,,,,
,4173,井尻 峻介,,,,
,4174,渡邊 亮介,,,,
,4175,立石 謙介,,,,
,4176,清水 邦彬,,,,
,4177,大石 淳子,,,,
,4178,ハミッシュ・スティール,,,,
,4179,リズ・ウィテカー,,,,
,4180,ザック・バラク,,,,
,4181,コディ・キャビサ,,,,
,4182,エミリー・オスメント,,,,
,4183,クリントン・ループ,,,,
,4184,ケイトリン・ロブロック,,,,
,4185,バディア・ハッサン,,,,
,4186,キャスリーン・カヴァリ,,,,
,4187,アレックス・ル,,,,
,4188,マロリー・ロウ,,,,
,4189,キーオニー・ヤング,,,,
,4190,シェルビー・ラバラ,,,,
,4191,ソンウォン・チョ,,,,
,4192,スタン 坂井,,,,
,4193,デレク・リー・トンプソン,,,,
,4194,ダグラス・ラングデイル,,,,
,4195,キャンディ・ラングデイル,,,,
,4196,アルフレッド・ヒメノ,,,,
,4197,エイジア・ブライアント,,,,
,4198,リュダクリス,,,,
,4199,カムデン・コリー,,,,
,4200,イサイア・アルバレス・コーン,,,,
,4201,アリア・カプリア,,,,
,4202,Bronagh O'Hanlon,,,,
,4203,Keion Jackson,,,,
,4204,Alyson Piekarsky,,,,
,4205,アビゲイル・オリヴァー,,,,
,4206,アンドレア・リブマン,,,,
,4207,ブリアナ・バックマスター,,,,
,4208,ブライアン・ドブソン,,,,
,4209,チャンス・ハーストフィールド,,,,
,4210,ドミニク・グッド,,,,
,4211,デヴィッド・ラッドマン,,,,
,4212,キャサリン・ウィリアムズ,,,,
,4213,丸山 くがね,,,,
,4214,伊藤 尚往,,,,
,4215,堀井 茶渡,,,,
,4216,喜屋武 和輝,,,,
,4217,前田 雄,,,,
,4218,たかしげ 宙,,,,
,4219,皆川 亮二,,,,
,4220,小林 未沙,,,,
,4221,つきや,,,,
,4222,ソウマトウ,,,,
,4223,大橋 一輝,,,,
,4224,Spider Lily,,,,
,4225,足立 慎吾,,,,
,4226,つくし あきひと,,,,
,4227,小柳 啓伍,,,,
,4228,塙 愛美,,,,
,4229,殆ど死んでいる,,,,
,4230,紙城 境介,,,,
,4231,コトヤマ,,,,
,4232,アマラ,,,,
,4233,鶴巻 和哉,,,,
,4234,榎戸 洋司,,,,
,4235,庵野 秀明,,,,
,4236,武田 太一,,,,
,4237,矢野 孝典,,,,
,4238,Bayron City Express,,,,
,4239,丸戸 史明,,,,
,4240,高山 理図,,,,
,4241,渡 航,,,,
,4242,石ノ森 章太郎,,,,
,4243,椛島 洋介,,,,
,4244,三条 陸,,,,
,4245,天衝,,,,
,4246,丘野 塔也,,,,
,4247,魁,,,,
,4248,尚村 透,,,,
,4249,徳武 竜也,,,,
,4250,井上 遥乃,,,,
,4251,昆布 わかめ,,,,
,4252,くずしろ,,,,
,4253,進行 諸島,,,,
,4254,小嶋 慶祐,,,,
,4255,浅沼 航太郎,,,,
,4256,亢 越,,,,
,4257,杉原 研二,,,,
,4258,菅原 そうた,,,,
,4259,ボルケーノ 太田,,,,
,4260,都神 樹,,,,
,4261,モンティ・オウム,,,,
,4262,鈴木 利正,,,,
,4263,浅野 真澄,,,,
,4264,あべ そういち,,,,
,4265,大島 司,,,,
,4266,斉藤 隼一,,,,
,4267,真白 健太朗,,,,
,4268,松村 龍之介,,,,
,4269,佐藤 祐吾,,,,
,4270,神戸 洋行,,,,
,4271,小澤 美優,,,,
,4272,阿部 カノン,,,,
,4273,梅﨑 音羽,,,,
,4274,鈴木 柊真,,,,
,4275,森 樹里,,,,
,4276,水間 友美,,,,
,4277,小川 育,,,,
,4278,土城 温美,,,,
,4279,のん,,,,
,4280,奥野 瑛太,,,,
,4281,竹村 叔子,,,,
,4282,迷井 豆腐,,,,
,4283,平池 芳正,,,,
,4284,蘇我 捨恥,,,,
,4285,山根 雅史,,,,
,4286,石原 雄,,,,
,4287,コンドウ アキ,,,,
,4288,小林 雅仁,,,,
,4289,角田 貴志,,,,
,4290,多部 未華子,,,,
,4291,松本 惚己,,,,
,4292,今井 文也,,,,
,4293,小林 竜之,,,,
,4294,いそふらぼん 肘樹,,,,
,4295,福岡 大生,,,,
,4296,蒼井 由奈,,,,
,4297,寺崎 千波也,,,,
,4298,志賀 麻登佳,,,,
,4299,蟹江 俊介,,,,
,4300,松本 紀子,,,,
,4301,岡田 由里子,,,,
,4302,伊藤 大樹,,,,
,4303,蟹沢 萌子,,,,
,4304,高瀬 くるみ,,,,
,4305,駱駝,,,,
,4306,川村 賢一,,,,
,4307,デヴィッド・ケイ,,,,
,4308,ジェリー・マイナー,,,,
,4309,カリ・ウォールグレン,,,,
,4310,カルロス・アラズラキ,,,,
,4311,川勝 未来,,,,
,4312,ディーン・ウェリンズ,,,,
,4313,岡野 友佑,,,,
,4314,葉山 いくみ,,,,
,4315,天那 光汰,,,,
,4316,梅津 葉子,,,,
,4317,荻上 直子,,,,
,4318,椙本 滋,,,,
,4319,田窪 一世,,,,
,4320,西山 佳菜子,,,,
,4321,松野 方子,,,,
,4322,大平 香奈,,,,
,4323,小林 柚葉,,,,
,4324,永井 幸子,,,,
,4325,相葉 裕樹,,,,
,4326,遠藤 大智,,,,
,4327,なまむぎ,,,,
,4328,いぬじゅん,,,,
,4329,チームY,,,,
,4330,櫻川 めぐ,,,,
,4331,葉月 ひまり,,,,
,4332,小原 莉子,,,,
,4333,小島 菜々恵,,,,
,4334,小山 百代,,,,
,4335,宮尾 佳和,,,,
,4336,Gavin Hignight,,,,
,4337,カイジ・タング,,,,
,4338,S・ヒロシ・ワタナベ,,,,
,4339,エリオット,,,,
,4340,トッド・ヘイバーコーン,,,,
,4341,フェイ・マタ,,,,
,4342,ジェイミーソン・プライス,,,,
,4343,ジーニー・ティラド,,,,
,4344,エリカ・ハーレイチャー,,,,
,4345,佐伯 昭志,,,,
,4346,細川 美菜子,,,,
,4347,藍本 あみ,,,,
,4348,真宮 涼,,,,
,4349,都月 彩楓,,,,
,4350,古仲 可奈,,,,
,4351,結木 美咲,,,,
,4352,吉北 梨乃,,,,
,4353,豆咲 りお,,,,
,4354,鈴木 薫,,,,
,4355,都築 真紀,,,,
,4356,湯浅 かえで,,,,
,4357,嶺内 ともみ,,,,
,4358,ザック・ステンツ,,,,
,4359,Zesung Kang,,,,
,4360,Sheela Shrinivas,,,,
,4361,Rick Williams,,,,
,4362,ジェナ・オルテガ,,,,
,4363,ライアン・ポッター,,,,
,4364,グレン・パウエル,,,,
,4365,ジャメーラ・ジャミル,,,,
,4366,ぴの あると,,,,
,4367,神月 柚莉愛,,,,
,4368,あおの なち,,,,
,4369,かくち たくだい,,,,
,4370,江島 絵理,,,,
,4371,ギャレス・エドワーズ,,,,
,4372,デヴィッド・コープ,,,,
,4373,マイケル・クライトン,,,,
,4374,スティーヴン・スピルバーグ,,,,
,4375,デニス・L・スチュワート,,,,
,4376,ジム・スペンサー,,,,
,4377,フランク・マーシャル,,,,
,4378,パトリック・クローリー,,,,
,4379,マハーシャラ・アリ,,,,
,4380,ジョナサン・ベイリー,,,,
,4381,ルパート・フレンド,,,,
,4382,マヌエル・ガルシア＝ルルフォ,,,,
,4383,ルナ・ブレイズ,,,,
,4384,デヴィッド・ヤーコノ,,,,
,4385,オードリナ・ミランダ,,,,
,4386,フィリッピーヌ・ヴェルジュ,,,,
,4387,ベシル・シルヴァン,,,,
,4388,エド・スクライン,,,,
,4389,ハルチカ,,,,
,4390,夏冬しのび,,,,
,4391,白金 らんぷ,,,,
,4392,金澤 洪充,,,,
,4393,大石 康之,,,,
,4394,古城門 志帆,,,,